admin_dong_code,sigungu_name,admin_dong_name,major_category,major_category_label,major_category_weight,category,category_label,category_score_0_100,triggered_indicator_count,triggered_indicators,policy_review_status,category_confidence
21150650,사상구,감전동,environment,환경,0.5,air_exposure,대기오염 노출,100.0,1,연평균 PM2.5 IDW 추정,candidate_after_validation,medium_low
21150550,사상구,덕포1동,environment,환경,0.5,air_exposure,대기오염 노출,99.512195,1,연평균 PM2.5 IDW 추정,candidate_after_validation,medium_low
21150560,사상구,덕포2동,environment,환경,0.5,air_exposure,대기오염 노출,99.02439,1,연평균 PM2.5 IDW 추정,candidate_after_validation,medium_low
21120562,강서구,신호동,environment,환경,0.5,air_exposure,대기오염 노출,98.536585,1,연평균 PM2.5 IDW 추정,candidate_after_validation,medium_low
21150570,사상구,괘법동,environment,환경,0.5,air_exposure,대기오염 노출,98.04878,1,연평균 PM2.5 IDW 추정,candidate_after_validation,medium_low
21150600,사상구,주례1동,environment,환경,0.5,air_exposure,대기오염 노출,97.560976,1,연평균 PM2.5 IDW 추정,candidate_after_validation,medium_low
21150620,사상구,주례3동,environment,환경,0.5,air_exposure,대기오염 노출,97.073171,1,연평균 PM2.5 IDW 추정,candidate_after_validation,medium_low
21150610,사상구,주례2동,environment,환경,0.5,air_exposure,대기오염 노출,96.585366,1,연평균 PM2.5 IDW 추정,candidate_after_validation,medium_low
21050760,부산진구,개금3동,environment,환경,0.5,air_exposure,대기오염 노출,96.097561,1,연평균 PM2.5 IDW 추정,candidate_after_validation,medium_low
21150630,사상구,학장동,environment,환경,0.5,air_exposure,대기오염 노출,95.609756,1,연평균 PM2.5 IDW 추정,candidate_after_validation,medium_low
21050800,부산진구,당감1동,environment,환경,0.5,air_exposure,대기오염 노출,95.121951,1,연평균 PM2.5 IDW 추정,candidate_after_validation,medium_low
21120520,강서구,대저2동,environment,환경,0.5,air_exposure,대기오염 노출,94.634146,1,연평균 PM2.5 IDW 추정,candidate_after_validation,low
21050740,부산진구,개금1동,environment,환경,0.5,air_exposure,대기오염 노출,94.146341,1,연평균 PM2.5 IDW 추정,candidate_after_validation,medium_low
21030560,동구,수정1동,environment,환경,0.5,air_exposure,대기오염 노출,93.658537,1,연평균 PM2.5 IDW 추정,candidate_after_validation,medium_low
21120580,강서구,가덕도동,environment,환경,0.5,air_exposure,대기오염 노출,93.170732,1,연평균 PM2.5 IDW 추정,candidate_after_validation,low
21150510,사상구,삼락동,environment,환경,0.5,air_exposure,대기오염 노출,92.682927,1,연평균 PM2.5 IDW 추정,candidate_after_validation,medium_low
21050660,부산진구,부암3동,environment,환경,0.5,air_exposure,대기오염 노출,92.195122,1,연평균 PM2.5 IDW 추정,candidate_after_validation,medium_low
21120530,강서구,강동동,environment,환경,0.5,air_exposure,대기오염 노출,91.707317,1,연평균 PM2.5 IDW 추정,candidate_after_validation,low
21150540,사상구,모라3동,environment,환경,0.5,air_exposure,대기오염 노출,91.219512,1,연평균 PM2.5 IDW 추정,candidate_after_validation,medium_low
21120561,강서구,녹산동,environment,환경,0.5,air_exposure,대기오염 노출,90.731707,1,연평균 PM2.5 IDW 추정,candidate_after_validation,low
21120550,강서구,가락동,environment,환경,0.5,air_exposure,대기오염 노출,90.243902,1,연평균 PM2.5 IDW 추정,candidate_after_validation,low
21050720,부산진구,가야2동,environment,환경,0.5,air_exposure,대기오염 노출,89.756098,1,연평균 PM2.5 IDW 추정,candidate_after_validation,medium_low
21050700,부산진구,당감4동,environment,환경,0.5,air_exposure,대기오염 노출,89.268293,1,연평균 PM2.5 IDW 추정,candidate_after_validation,medium_low
21150640,사상구,엄궁동,environment,환경,0.5,air_exposure,대기오염 노출,88.780488,1,연평균 PM2.5 IDW 추정,candidate_after_validation,medium_low
21050750,부산진구,개금2동,environment,환경,0.5,air_exposure,대기오염 노출,88.292683,1,연평균 PM2.5 IDW 추정,candidate_after_validation,medium_low
21030570,동구,수정2동,environment,환경,0.5,air_exposure,대기오염 노출,87.804878,1,연평균 PM2.5 IDW 추정,candidate_after_validation,medium_low
21150520,사상구,모라1동,environment,환경,0.5,air_exposure,대기오염 노출,87.317073,1,연평균 PM2.5 IDW 추정,candidate_after_validation,medium_low
21030530,동구,초량3동,environment,환경,0.5,air_exposure,대기오염 노출,86.829268,1,연평균 PM2.5 IDW 추정,candidate_after_validation,medium_low
21030590,동구,수정4동,environment,환경,0.5,air_exposure,대기오염 노출,86.341463,1,연평균 PM2.5 IDW 추정,candidate_after_validation,medium_low
21120600,강서구,명지2동,environment,환경,0.5,air_exposure,대기오염 노출,85.853659,1,연평균 PM2.5 IDW 추정,candidate_after_validation,low
21060570,동래구,온천3동,environment,환경,0.5,air_exposure,대기오염 노출,85.365854,1,연평균 PM2.5 IDW 추정,candidate_after_validation,medium_low
21060600,동래구,사직3동,environment,환경,0.5,air_exposure,대기오염 노출,84.878049,1,연평균 PM2.5 IDW 추정,candidate_after_validation,medium_low
21060650,동래구,명륜동,environment,환경,0.5,air_exposure,대기오염 노출,84.390244,1,연평균 PM2.5 IDW 추정,candidate_after_validation,medium_low
21060560,동래구,온천2동,environment,환경,0.5,air_exposure,대기오염 노출,83.902439,1,연평균 PM2.5 IDW 추정,candidate_after_validation,medium_low
21060580,동래구,사직1동,environment,환경,0.5,air_exposure,대기오염 노출,83.414634,1,연평균 PM2.5 IDW 추정,candidate_after_validation,medium_low
21020570,서구,서대신4동,environment,환경,0.5,air_exposure,대기오염 노출,82.926829,1,연평균 PM2.5 IDW 추정,candidate_after_validation,medium_low
21050810,부산진구,가야1동,environment,환경,0.5,air_exposure,대기오염 노출,82.439024,1,연평균 PM2.5 IDW 추정,candidate_after_validation,medium_low
21030520,동구,초량2동,environment,환경,0.5,air_exposure,대기오염 노출,81.95122,1,연평균 PM2.5 IDW 추정,candidate_after_validation,medium_low
21060550,동래구,온천1동,environment,환경,0.5,air_exposure,대기오염 노출,81.463415,1,연평균 PM2.5 IDW 추정,candidate_after_validation,medium_low
21030550,동구,초량6동,environment,환경,0.5,air_exposure,대기오염 노출,80.97561,1,연평균 PM2.5 IDW 추정,candidate_after_validation,medium_low
21020530,서구,동대신3동,environment,환경,0.5,air_exposure,대기오염 노출,80.487805,1,연평균 PM2.5 IDW 추정,candidate_after_validation,medium_low
21130510,연제구,거제1동,environment,환경,0.5,air_exposure,대기오염 노출,80.0,1,연평균 PM2.5 IDW 추정,candidate_after_validation,medium_low
21130520,연제구,거제2동,environment,환경,0.5,air_exposure,대기오염 노출,79.512195,1,연평균 PM2.5 IDW 추정,candidate_after_validation,medium_low
21050550,부산진구,초읍동,environment,환경,0.5,air_exposure,대기오염 노출,79.02439,1,연평균 PM2.5 IDW 추정,candidate_after_validation,low
21130590,연제구,연산5동,environment,환경,0.5,air_exposure,대기오염 노출,78.536585,1,연평균 PM2.5 IDW 추정,candidate_after_validation,medium_low
21050680,부산진구,당감2동,environment,환경,0.5,air_exposure,대기오염 노출,78.04878,1,연평균 PM2.5 IDW 추정,candidate_after_validation,medium_low
21130530,연제구,거제3동,environment,환경,0.5,air_exposure,대기오염 노출,77.560976,1,연평균 PM2.5 IDW 추정,candidate_after_validation,medium_low
21130540,연제구,거제4동,environment,환경,0.5,air_exposure,대기오염 노출,77.073171,1,연평균 PM2.5 IDW 추정,candidate_after_validation,medium_low
21030510,동구,초량1동,environment,환경,0.5,air_exposure,대기오염 노출,76.585366,1,연평균 PM2.5 IDW 추정,candidate_after_validation,medium_low
21060590,동래구,사직2동,environment,환경,0.5,air_exposure,대기오염 노출,76.097561,1,연평균 PM2.5 IDW 추정,candidate_after_validation,medium_low
21130580,연제구,연산4동,environment,환경,0.5,air_exposure,대기오염 노출,75.609756,1,연평균 PM2.5 IDW 추정,candidate_after_validation,medium_low
21050570,부산진구,양정2동,environment,환경,0.5,air_exposure,대기오염 노출,75.121951,1,연평균 PM2.5 IDW 추정,candidate_after_validation,medium_low
21100570,사하구,하단2동,environment,환경,0.5,air_exposure,대기오염 노출,74.634146,1,연평균 PM2.5 IDW 추정,candidate_after_validation,medium_low
21130550,연제구,연산1동,environment,환경,0.5,air_exposure,대기오염 노출,74.146341,1,연평균 PM2.5 IDW 추정,candidate_after_validation,medium_low
21060520,동래구,복산동,environment,환경,0.5,air_exposure,대기오염 노출,73.658537,1,연평균 PM2.5 IDW 추정,candidate_after_validation,medium_low
21060510,동래구,수민동,environment,환경,0.5,air_exposure,대기오염 노출,73.170732,1,연평균 PM2.5 IDW 추정,candidate_after_validation,medium_low
21030680,동구,범일5동,environment,환경,0.5,air_exposure,대기오염 노출,72.682927,1,연평균 PM2.5 IDW 추정,candidate_after_validation,medium_low
21030600,동구,수정5동,environment,환경,0.5,air_exposure,대기오염 노출,72.195122,1,연평균 PM2.5 IDW 추정,candidate_after_validation,medium_low
21130560,연제구,연산2동,environment,환경,0.5,air_exposure,대기오염 노출,71.707317,1,연평균 PM2.5 IDW 추정,candidate_after_validation,medium_low
21010590,중구,영주1동,environment,환경,0.5,air_exposure,대기오염 노출,71.219512,1,연평균 PM2.5 IDW 추정,candidate_after_validation,medium_low
21100550,사하구,당리동,environment,환경,0.5,air_exposure,대기오염 노출,70.731707,1,연평균 PM2.5 IDW 추정,candidate_after_validation,medium_low
21010600,중구,영주2동,environment,환경,0.5,air_exposure,대기오염 노출,70.243902,1,연평균 PM2.5 IDW 추정,candidate_after_validation,medium_low
21130620,연제구,연산8동,environment,환경,0.5,air_exposure,대기오염 노출,69.756098,0,,monitor,medium_low
21130600,연제구,연산6동,environment,환경,0.5,air_exposure,대기오염 노출,69.268293,0,,monitor,medium_low
21050540,부산진구,연지동,environment,환경,0.5,air_exposure,대기오염 노출,68.780488,0,,monitor,medium_low
21020520,서구,동대신2동,environment,환경,0.5,air_exposure,대기오염 노출,68.292683,0,,monitor,medium_low
21050560,부산진구,양정1동,environment,환경,0.5,air_exposure,대기오염 노출,67.804878,0,,monitor,medium_low
21050640,부산진구,부암1동,environment,환경,0.5,air_exposure,대기오염 노출,67.317073,0,,monitor,medium_low
21020510,서구,동대신1동,environment,환경,0.5,air_exposure,대기오염 노출,66.829268,0,,monitor,medium_low
21050520,부산진구,부전2동,environment,환경,0.5,air_exposure,대기오염 노출,66.341463,0,,monitor,medium_low
21050820,부산진구,부전1동,environment,환경,0.5,air_exposure,대기오염 노출,65.853659,0,,monitor,medium_low
21110600,금정구,부곡4동,environment,환경,0.5,air_exposure,대기오염 노출,65.365854,0,,monitor,medium_low
21130570,연제구,연산3동,environment,환경,0.5,air_exposure,대기오염 노출,64.878049,0,,monitor,medium_low
21100540,사하구,괴정4동,environment,환경,0.5,air_exposure,대기오염 노출,64.390244,0,,monitor,medium_low
21020560,서구,서대신3동,environment,환경,0.5,air_exposure,대기오염 노출,63.902439,0,,monitor,medium_low
21020540,서구,서대신1동,environment,환경,0.5,air_exposure,대기오염 노출,63.414634,0,,monitor,medium_low
21050610,부산진구,전포2동,environment,환경,0.5,air_exposure,대기오염 노출,62.926829,0,,monitor,medium_low
21110740,금정구,장전2동,environment,환경,0.5,air_exposure,대기오염 노출,62.439024,0,,monitor,medium_low
21080530,북구,구포3동,environment,환경,0.5,air_exposure,대기오염 노출,61.95122,0,,monitor,medium_low
21080600,북구,만덕2동,environment,환경,0.5,air_exposure,대기오염 노출,61.463415,0,,monitor,medium_low
21100590,사하구,신평2동,environment,환경,0.5,air_exposure,대기오염 노출,60.97561,0,,monitor,medium_low
21010540,중구,보수동,environment,환경,0.5,air_exposure,대기오염 노출,60.487805,0,,monitor,medium_low
21080520,북구,구포2동,environment,환경,0.5,air_exposure,대기오염 노출,60.0,0,,monitor,medium_low
21080590,북구,만덕1동,environment,환경,0.5,air_exposure,대기오염 노출,59.512195,0,,monitor,low
21100600,사하구,장림1동,environment,환경,0.5,air_exposure,대기오염 노출,59.02439,0,,monitor,medium_low
21020590,서구,부민동,environment,환경,0.5,air_exposure,대기오염 노출,58.536585,0,,monitor,medium_low
21100580,사하구,신평1동,environment,환경,0.5,air_exposure,대기오염 노출,58.04878,0,,monitor,medium_low
21090660,해운대구,좌1동,environment,환경,0.5,air_exposure,대기오염 노출,57.560976,0,,monitor,medium_low
21010510,중구,중앙동,environment,환경,0.5,air_exposure,대기오염 노출,57.073171,0,,monitor,medium_low
21140540,수영구,망미1동,environment,환경,0.5,air_exposure,대기오염 노출,56.585366,0,,monitor,medium_low
21010530,중구,대청동,environment,환경,0.5,air_exposure,대기오염 노출,56.097561,0,,monitor,medium_low
21090670,해운대구,좌2동,environment,환경,0.5,air_exposure,대기오염 노출,55.609756,0,,monitor,medium_low
21090680,해운대구,좌3동,environment,환경,0.5,air_exposure,대기오염 노출,55.121951,0,,monitor,medium_low
21130630,연제구,연산9동,environment,환경,0.5,air_exposure,대기오염 노출,54.634146,0,,monitor,medium_low
21010520,중구,동광동,environment,환경,0.5,air_exposure,대기오염 노출,54.146341,0,,monitor,medium_low
21050830,부산진구,전포1동,environment,환경,0.5,air_exposure,대기오염 노출,53.658537,0,,monitor,medium_low
21090640,해운대구,재송1동,environment,환경,0.5,air_exposure,대기오염 노출,53.170732,0,,monitor,medium_low
21060620,동래구,안락2동,environment,환경,0.5,air_exposure,대기오염 노출,52.682927,0,,monitor,medium_low
21100610,사하구,장림2동,environment,환경,0.5,air_exposure,대기오염 노출,52.195122,0,,monitor,medium_low
21090530,해운대구,중1동,environment,환경,0.5,air_exposure,대기오염 노출,51.707317,0,,monitor,medium_low
21090540,해운대구,중2동,environment,환경,0.5,air_exposure,대기오염 노출,51.219512,0,,monitor,medium_low
21010570,중구,광복동,environment,환경,0.5,air_exposure,대기오염 노출,50.731707,0,,monitor,medium_low
21060610,동래구,안락1동,environment,환경,0.5,air_exposure,대기오염 노출,50.243902,0,,monitor,medium_low
21010580,중구,남포동,environment,환경,0.5,air_exposure,대기오염 노출,49.756098,0,,monitor,medium_low
21110570,금정구,부곡1동,environment,환경,0.5,air_exposure,대기오염 노출,49.268293,0,,monitor,medium_low
21140550,수영구,망미2동,environment,환경,0.5,air_exposure,대기오염 노출,48.780488,0,,monitor,medium_low
21110510,금정구,서1동,environment,환경,0.5,air_exposure,대기오염 노출,48.292683,0,,monitor,medium_low
21010560,중구,부평동,environment,환경,0.5,air_exposure,대기오염 노출,47.804878,0,,monitor,medium_low
21120510,강서구,대저1동,environment,환경,0.5,air_exposure,대기오염 노출,47.317073,0,,monitor,medium_low
21080610,북구,만덕3동,environment,환경,0.5,air_exposure,대기오염 노출,46.829268,0,,monitor,medium_low
21090690,해운대구,좌4동,environment,환경,0.5,air_exposure,대기오염 노출,46.341463,0,,monitor,medium_low
21100560,사하구,하단1동,environment,환경,0.5,air_exposure,대기오염 노출,45.853659,0,,monitor,medium_low
21100520,사하구,괴정2동,environment,환경,0.5,air_exposure,대기오염 노출,45.365854,0,,monitor,medium_low
21100620,사하구,다대1동,environment,환경,0.5,air_exposure,대기오염 노출,44.878049,0,,monitor,low
21090650,해운대구,재송2동,environment,환경,0.5,air_exposure,대기오염 노출,44.390244,0,,monitor,medium_low
21090560,해운대구,송정동,environment,환경,0.5,air_exposure,대기오염 노출,43.902439,0,,monitor,medium_low
21060640,동래구,명장2동,environment,환경,0.5,air_exposure,대기오염 노출,43.414634,0,,monitor,medium_low
21140530,수영구,수영동,environment,환경,0.5,air_exposure,대기오염 노출,42.926829,0,,monitor,medium_low
21140580,수영구,광안3동,environment,환경,0.5,air_exposure,대기오염 노출,42.439024,0,,monitor,medium_low
21020640,서구,충무동,environment,환경,0.5,air_exposure,대기오염 노출,41.95122,0,,monitor,medium_low
21140560,수영구,광안1동,environment,환경,0.5,air_exposure,대기오염 노출,41.463415,0,,monitor,medium_low
21020610,서구,아미동,environment,환경,0.5,air_exposure,대기오염 노출,40.97561,0,,monitor,medium_low
21110520,금정구,서2동,environment,환경,0.5,air_exposure,대기오염 노출,40.487805,0,,monitor,medium_low
21110610,금정구,장전1동,environment,환경,0.5,air_exposure,대기오염 노출,40.0,0,,monitor,low
21100630,사하구,다대2동,environment,환경,0.5,air_exposure,대기오염 노출,39.512195,0,,monitor,low
21080550,북구,화명1동,environment,환경,0.5,air_exposure,대기오염 노출,39.02439,0,,monitor,medium_low
21140590,수영구,광안4동,environment,환경,0.5,air_exposure,대기오염 노출,38.536585,0,,monitor,medium_low
21120590,강서구,명지1동,environment,환경,0.5,air_exposure,대기오염 노출,38.04878,0,,monitor,medium_low
21090740,해운대구,우2동,environment,환경,0.5,air_exposure,대기오염 노출,37.560976,0,,monitor,medium_low
21080620,북구,화명2동,environment,환경,0.5,air_exposure,대기오염 노출,37.073171,0,,monitor,medium_low
21100510,사하구,괴정1동,environment,환경,0.5,air_exposure,대기오염 노출,36.585366,0,,monitor,medium_low
21140570,수영구,광안2동,environment,환경,0.5,air_exposure,대기오염 노출,36.097561,0,,monitor,medium_low
21090710,해운대구,반여4동,environment,환경,0.5,air_exposure,대기오염 노출,35.609756,0,,monitor,medium_low
21110710,금정구,금성동,environment,환경,0.5,air_exposure,대기오염 노출,35.121951,0,,monitor,low
21060630,동래구,명장1동,environment,환경,0.5,air_exposure,대기오염 노출,34.634146,0,,monitor,medium_low
21070530,남구,대연3동,environment,환경,0.5,air_exposure,대기오염 노출,34.146341,0,,monitor,medium_low
21070620,남구,감만1동,environment,환경,0.5,air_exposure,대기오염 노출,33.658537,0,,monitor,medium_low
21090730,해운대구,우1동,environment,환경,0.5,air_exposure,대기오염 노출,33.170732,0,,monitor,medium_low
21090590,해운대구,반여3동,environment,환경,0.5,air_exposure,대기오염 노출,32.682927,0,,monitor,medium_low
21140510,수영구,남천1동,environment,환경,0.5,air_exposure,대기오염 노출,32.195122,0,,monitor,medium_low
21080630,북구,화명3동,environment,환경,0.5,air_exposure,대기오염 노출,31.707317,0,,monitor,medium_low
21090580,해운대구,반여2동,environment,환경,0.5,air_exposure,대기오염 노출,31.219512,0,,monitor,medium_low
21040590,영도구,봉래1동,environment,환경,0.5,air_exposure,대기오염 노출,30.731707,0,,monitor,medium_low
21090700,해운대구,반여1동,environment,환경,0.5,air_exposure,대기오염 노출,30.243902,0,,monitor,medium_low
21140520,수영구,남천2동,environment,환경,0.5,air_exposure,대기오염 노출,29.756098,0,,monitor,medium_low
21110720,금정구,서3동,environment,환경,0.5,air_exposure,대기오염 노출,29.268293,0,,monitor,medium_low
21020650,서구,남부민1동,environment,환경,0.5,air_exposure,대기오염 노출,28.780488,0,,monitor,medium_low
21110580,금정구,부곡2동,environment,환경,0.5,air_exposure,대기오염 노출,28.292683,0,,monitor,medium_low
21020630,서구,초장동,environment,환경,0.5,air_exposure,대기오염 노출,27.804878,0,,monitor,medium_low
21040530,영도구,남항동,environment,환경,0.5,air_exposure,대기오염 노출,27.317073,0,,monitor,medium_low
21080560,북구,덕천1동,environment,환경,0.5,air_exposure,대기오염 노출,26.829268,0,,monitor,medium_low
21080540,북구,금곡동,environment,환경,0.5,air_exposure,대기오염 노출,26.341463,0,,monitor,low
21080570,북구,덕천2동,environment,환경,0.5,air_exposure,대기오염 노출,25.853659,0,,monitor,medium_low
21070590,남구,용호3동,environment,환경,0.5,air_exposure,대기오염 노출,25.365854,0,,monitor,medium_low
21080580,북구,덕천3동,environment,환경,0.5,air_exposure,대기오염 노출,24.878049,0,,monitor,medium_low
21140600,수영구,민락동,environment,환경,0.5,air_exposure,대기오염 노출,24.390244,0,,monitor,medium_low
21070570,남구,용호1동,environment,환경,0.5,air_exposure,대기오염 노출,23.902439,0,,monitor,medium_low
21100640,사하구,구평동,environment,환경,0.5,air_exposure,대기오염 노출,23.414634,0,,monitor,medium_low
21510110,기장군,기장읍,environment,환경,0.5,air_exposure,대기오염 노출,22.926829,0,,monitor,medium_low
21030700,동구,좌천동,environment,환경,0.5,air_exposure,대기오염 노출,22.439024,0,,monitor,medium_low
21050840,부산진구,범천2동,environment,환경,0.5,air_exposure,대기오염 노출,21.95122,0,,monitor,medium_low
21100530,사하구,괴정3동,environment,환경,0.5,air_exposure,대기오염 노출,21.463415,0,,monitor,medium_low
21070580,남구,용호2동,environment,환경,0.5,air_exposure,대기오염 노출,20.97561,0,,monitor,medium_low
21080510,북구,구포1동,environment,환경,0.5,air_exposure,대기오염 노출,20.487805,0,,monitor,medium_low
21070710,남구,우암동,environment,환경,0.5,air_exposure,대기오염 노출,20.0,0,,monitor,medium_low
21020690,서구,남부민2동,environment,환경,0.5,air_exposure,대기오염 노출,19.512195,0,,monitor,medium_low
21070630,남구,감만2동,environment,환경,0.5,air_exposure,대기오염 노출,19.02439,0,,monitor,medium_low
21070610,남구,용당동,environment,환경,0.5,air_exposure,대기오염 노출,18.536585,0,,monitor,medium_low
21110690,금정구,구서1동,environment,환경,0.5,air_exposure,대기오염 노출,18.04878,0,,monitor,medium_low
21070550,남구,대연5동,environment,환경,0.5,air_exposure,대기오염 노출,17.560976,0,,monitor,medium_low
21070700,남구,대연1동,environment,환경,0.5,air_exposure,대기오염 노출,17.073171,0,,monitor,medium_low
21070540,남구,대연4동,environment,환경,0.5,air_exposure,대기오염 노출,16.585366,0,,monitor,medium_low
21090720,해운대구,반송1동,environment,환경,0.5,air_exposure,대기오염 노출,16.097561,0,,monitor,medium_low
21110700,금정구,구서2동,environment,환경,0.5,air_exposure,대기오염 노출,15.609756,0,,monitor,medium_low
21510111,기장군,일광읍,environment,환경,0.5,air_exposure,대기오염 노출,15.121951,0,,monitor,low
21040540,영도구,영선1동,environment,환경,0.5,air_exposure,대기오염 노출,14.634146,0,,monitor,medium_low
21070660,남구,문현1동,environment,환경,0.5,air_exposure,대기오염 노출,14.146341,0,,monitor,medium_low
21070600,남구,용호4동,environment,환경,0.5,air_exposure,대기오염 노출,13.658537,0,,monitor,medium_low
21070560,남구,대연6동,environment,환경,0.5,air_exposure,대기오염 노출,13.170732,0,,monitor,medium_low
21020680,서구,암남동,environment,환경,0.5,air_exposure,대기오염 노출,12.682927,0,,monitor,medium_low
21090750,해운대구,우3동,environment,환경,0.5,air_exposure,대기오염 노출,12.195122,0,,monitor,medium_low
21110670,금정구,청룡노포동,environment,환경,0.5,air_exposure,대기오염 노출,11.707317,0,,monitor,medium_low
21510120,기장군,장안읍,environment,환경,0.5,air_exposure,대기오염 노출,11.219512,0,,monitor,low
21090620,해운대구,반송2동,environment,환경,0.5,air_exposure,대기오염 노출,10.731707,0,,monitor,medium_low
21110680,금정구,남산동,environment,환경,0.5,air_exposure,대기오염 노출,10.243902,0,,monitor,medium_low
21510130,기장군,정관읍,environment,환경,0.5,air_exposure,대기오염 노출,9.756098,0,,monitor,medium_low
21100660,사하구,감천2동,environment,환경,0.5,air_exposure,대기오염 노출,9.268293,0,,monitor,medium_low
21510330,기장군,철마면,environment,환경,0.5,air_exposure,대기오염 노출,8.780488,0,,monitor,low
21070680,남구,문현3동,environment,환경,0.5,air_exposure,대기오염 노출,8.292683,0,,monitor,medium_low
21070690,남구,문현4동,environment,환경,0.5,air_exposure,대기오염 노출,7.804878,0,,monitor,medium_low
21110590,금정구,부곡3동,environment,환경,0.5,air_exposure,대기오염 노출,7.317073,0,,monitor,medium_low
21110640,금정구,선두구동,environment,환경,0.5,air_exposure,대기오염 노출,6.829268,0,,monitor,medium_low
21040690,영도구,봉래2동,environment,환경,0.5,air_exposure,대기오염 노출,6.341463,0,,monitor,medium_low
21040550,영도구,영선2동,environment,환경,0.5,air_exposure,대기오염 노출,5.853659,0,,monitor,medium_low
21040680,영도구,신선동,environment,환경,0.5,air_exposure,대기오염 노출,5.365854,0,,monitor,medium_low
21070670,남구,문현2동,environment,환경,0.5,air_exposure,대기오염 노출,4.878049,0,,monitor,medium_low
21040630,영도구,청학1동,environment,환경,0.5,air_exposure,대기오염 노출,4.390244,0,,monitor,medium_low
21110730,금정구,금사회동동,environment,환경,0.5,air_exposure,대기오염 노출,3.902439,0,,monitor,medium_low
21030710,동구,범일1동,environment,환경,0.5,air_exposure,대기오염 노출,3.414634,0,,monitor,medium_low
21040670,영도구,동삼3동,environment,환경,0.5,air_exposure,대기오염 노출,2.926829,0,,monitor,medium_low
21100650,사하구,감천1동,environment,환경,0.5,air_exposure,대기오염 노출,2.439024,0,,monitor,medium_low
21040650,영도구,동삼1동,environment,환경,0.5,air_exposure,대기오염 노출,1.95122,0,,monitor,medium_low
21040640,영도구,청학2동,environment,환경,0.5,air_exposure,대기오염 노출,1.463415,0,,monitor,medium_low
21050770,부산진구,범천1동,environment,환경,0.5,air_exposure,대기오염 노출,0.97561,0,,monitor,medium_low
21040660,영도구,동삼2동,environment,환경,0.5,air_exposure,대기오염 노출,0.487805,0,,monitor,medium_low
21030660,동구,범일2동,environment,환경,0.5,air_exposure,대기오염 노출,0.0,0,,monitor,medium_low
21090750,해운대구,우3동,safety,안전,0.5,crime_prevention_access,범죄예방 기반,100.0,1,소지역 보정 범죄예방 CCTV 공급량,candidate_after_validation,medium_low
21080550,북구,화명1동,safety,안전,0.5,crime_prevention_access,범죄예방 기반,99.512195,1,소지역 보정 범죄예방 CCTV 공급량,candidate_after_validation,medium_low
21050760,부산진구,개금3동,safety,안전,0.5,crime_prevention_access,범죄예방 기반,99.02439,1,소지역 보정 범죄예방 CCTV 공급량,candidate_after_validation,medium_low
21090670,해운대구,좌2동,safety,안전,0.5,crime_prevention_access,범죄예방 기반,98.536585,1,소지역 보정 범죄예방 CCTV 공급량,candidate_after_validation,medium_low
21060590,동래구,사직2동,safety,안전,0.5,crime_prevention_access,범죄예방 기반,98.04878,1,소지역 보정 범죄예방 CCTV 공급량,candidate_after_validation,medium_low
21060620,동래구,안락2동,safety,안전,0.5,crime_prevention_access,범죄예방 기반,97.560976,1,소지역 보정 범죄예방 CCTV 공급량,candidate_after_validation,medium_low
21050660,부산진구,부암3동,safety,안전,0.5,crime_prevention_access,범죄예방 기반,97.073171,1,소지역 보정 범죄예방 CCTV 공급량,candidate_after_validation,medium_low
21090690,해운대구,좌4동,safety,안전,0.5,crime_prevention_access,범죄예방 기반,96.585366,1,소지역 보정 범죄예방 CCTV 공급량,candidate_after_validation,medium_low
21090740,해운대구,우2동,safety,안전,0.5,crime_prevention_access,범죄예방 기반,96.097561,1,소지역 보정 범죄예방 CCTV 공급량,candidate_after_validation,medium_low
21050540,부산진구,연지동,safety,안전,0.5,crime_prevention_access,범죄예방 기반,95.609756,1,소지역 보정 범죄예방 CCTV 공급량,candidate_after_validation,medium_low
21060560,동래구,온천2동,safety,안전,0.5,crime_prevention_access,범죄예방 기반,95.121951,1,소지역 보정 범죄예방 CCTV 공급량,candidate_after_validation,medium_low
21130520,연제구,거제2동,safety,안전,0.5,crime_prevention_access,범죄예방 기반,94.634146,1,소지역 보정 범죄예방 CCTV 공급량,candidate_after_validation,medium_low
21060550,동래구,온천1동,safety,안전,0.5,crime_prevention_access,범죄예방 기반,94.146341,1,소지역 보정 범죄예방 CCTV 공급량,candidate_after_validation,medium_low
21050570,부산진구,양정2동,safety,안전,0.5,crime_prevention_access,범죄예방 기반,93.658537,1,소지역 보정 범죄예방 CCTV 공급량,candidate_after_validation,medium_low
21060510,동래구,수민동,safety,안전,0.5,crime_prevention_access,범죄예방 기반,93.170732,1,소지역 보정 범죄예방 CCTV 공급량,candidate_after_validation,medium_low
21100630,사하구,다대2동,safety,안전,0.5,crime_prevention_access,범죄예방 기반,92.682927,1,소지역 보정 범죄예방 CCTV 공급량,candidate_after_validation,medium_low
21090660,해운대구,좌1동,safety,안전,0.5,crime_prevention_access,범죄예방 기반,92.195122,1,소지역 보정 범죄예방 CCTV 공급량,candidate_after_validation,medium_low
21060570,동래구,온천3동,safety,안전,0.5,crime_prevention_access,범죄예방 기반,91.707317,1,소지역 보정 범죄예방 CCTV 공급량,candidate_after_validation,medium_low
21060650,동래구,명륜동,safety,안전,0.5,crime_prevention_access,범죄예방 기반,91.219512,1,소지역 보정 범죄예방 CCTV 공급량,candidate_after_validation,medium_low
21140520,수영구,남천2동,safety,안전,0.5,crime_prevention_access,범죄예방 기반,90.731707,1,소지역 보정 범죄예방 CCTV 공급량,candidate_after_validation,medium_low
21110690,금정구,구서1동,safety,안전,0.5,crime_prevention_access,범죄예방 기반,90.243902,1,소지역 보정 범죄예방 CCTV 공급량,candidate_after_validation,medium_low
21090680,해운대구,좌3동,safety,안전,0.5,crime_prevention_access,범죄예방 기반,89.756098,1,소지역 보정 범죄예방 CCTV 공급량,candidate_after_validation,medium_low
21050800,부산진구,당감1동,safety,안전,0.5,crime_prevention_access,범죄예방 기반,89.268293,1,소지역 보정 범죄예방 CCTV 공급량,candidate_after_validation,medium_low
21110740,금정구,장전2동,safety,안전,0.5,crime_prevention_access,범죄예방 기반,88.780488,1,소지역 보정 범죄예방 CCTV 공급량,candidate_after_validation,medium_low
21110700,금정구,구서2동,safety,안전,0.5,crime_prevention_access,범죄예방 기반,88.292683,1,소지역 보정 범죄예방 CCTV 공급량,candidate_after_validation,medium_low
21080610,북구,만덕3동,safety,안전,0.5,crime_prevention_access,범죄예방 기반,87.804878,1,소지역 보정 범죄예방 CCTV 공급량,candidate_after_validation,medium_low
21090710,해운대구,반여4동,safety,안전,0.5,crime_prevention_access,범죄예방 기반,87.317073,1,소지역 보정 범죄예방 CCTV 공급량,candidate_after_validation,medium_low
21060580,동래구,사직1동,safety,안전,0.5,crime_prevention_access,범죄예방 기반,86.829268,1,소지역 보정 범죄예방 CCTV 공급량,candidate_after_validation,medium_low
21050740,부산진구,개금1동,safety,안전,0.5,crime_prevention_access,범죄예방 기반,86.341463,1,소지역 보정 범죄예방 CCTV 공급량,candidate_after_validation,medium_low
21050560,부산진구,양정1동,safety,안전,0.5,crime_prevention_access,범죄예방 기반,85.853659,1,소지역 보정 범죄예방 CCTV 공급량,candidate_after_validation,medium_low
21050610,부산진구,전포2동,safety,안전,0.5,crime_prevention_access,범죄예방 기반,85.365854,1,소지역 보정 범죄예방 CCTV 공급량,candidate_after_validation,medium_low
21060600,동래구,사직3동,safety,안전,0.5,crime_prevention_access,범죄예방 기반,84.878049,1,소지역 보정 범죄예방 CCTV 공급량,candidate_after_validation,medium_low
21120600,강서구,명지2동,safety,안전,0.5,crime_prevention_access,범죄예방 기반,84.390244,1,소지역 보정 범죄예방 CCTV 공급량,candidate_after_validation,medium_low
21130560,연제구,연산2동,safety,안전,0.5,crime_prevention_access,범죄예방 기반,83.902439,1,소지역 보정 범죄예방 CCTV 공급량,candidate_after_validation,medium_low
21090530,해운대구,중1동,safety,안전,0.5,crime_prevention_access,범죄예방 기반,83.414634,1,소지역 보정 범죄예방 CCTV 공급량,candidate_after_validation,medium_low
21070560,남구,대연6동,safety,안전,0.5,crime_prevention_access,범죄예방 기반,82.926829,1,소지역 보정 범죄예방 CCTV 공급량,candidate_after_validation,medium_low
21150550,사상구,덕포1동,safety,안전,0.5,crime_prevention_access,범죄예방 기반,82.439024,1,소지역 보정 범죄예방 CCTV 공급량,candidate_after_validation,medium_low
21050640,부산진구,부암1동,safety,안전,0.5,crime_prevention_access,범죄예방 기반,81.95122,1,소지역 보정 범죄예방 CCTV 공급량,candidate_after_validation,medium_low
21150630,사상구,학장동,safety,안전,0.5,crime_prevention_access,범죄예방 기반,81.463415,1,소지역 보정 범죄예방 CCTV 공급량,candidate_after_validation,medium_low
21070570,남구,용호1동,safety,안전,0.5,crime_prevention_access,범죄예방 기반,80.97561,1,소지역 보정 범죄예방 CCTV 공급량,candidate_after_validation,medium_low
21060610,동래구,안락1동,safety,안전,0.5,crime_prevention_access,범죄예방 기반,80.487805,1,소지역 보정 범죄예방 CCTV 공급량,candidate_after_validation,medium_low
21090700,해운대구,반여1동,safety,안전,0.5,crime_prevention_access,범죄예방 기반,80.0,1,소지역 보정 범죄예방 CCTV 공급량,candidate_after_validation,medium_low
21100610,사하구,장림2동,safety,안전,0.5,crime_prevention_access,범죄예방 기반,79.512195,1,소지역 보정 범죄예방 CCTV 공급량,candidate_after_validation,medium_low
21080630,북구,화명3동,safety,안전,0.5,crime_prevention_access,범죄예방 기반,79.02439,1,소지역 보정 범죄예방 CCTV 공급량,candidate_after_validation,medium_low
21130630,연제구,연산9동,safety,안전,0.5,crime_prevention_access,범죄예방 기반,78.536585,1,소지역 보정 범죄예방 CCTV 공급량,candidate_after_validation,medium_low
21100540,사하구,괴정4동,safety,안전,0.5,crime_prevention_access,범죄예방 기반,78.04878,1,소지역 보정 범죄예방 CCTV 공급량,candidate_after_validation,medium_low
21510130,기장군,정관읍,safety,안전,0.5,crime_prevention_access,범죄예방 기반,77.560976,1,소지역 보정 범죄예방 CCTV 공급량,candidate_after_validation,medium_low
21150640,사상구,엄궁동,safety,안전,0.5,crime_prevention_access,범죄예방 기반,77.073171,1,소지역 보정 범죄예방 CCTV 공급량,candidate_after_validation,medium_low
21130510,연제구,거제1동,safety,안전,0.5,crime_prevention_access,범죄예방 기반,76.585366,1,소지역 보정 범죄예방 CCTV 공급량,candidate_after_validation,medium_low
21030680,동구,범일5동,safety,안전,0.5,crime_prevention_access,범죄예방 기반,76.097561,1,소지역 보정 범죄예방 CCTV 공급량,candidate_after_validation,medium_low
21050680,부산진구,당감2동,safety,안전,0.5,crime_prevention_access,범죄예방 기반,75.609756,1,소지역 보정 범죄예방 CCTV 공급량,candidate_after_validation,medium_low
21150540,사상구,모라3동,safety,안전,0.5,crime_prevention_access,범죄예방 기반,75.121951,1,소지역 보정 범죄예방 CCTV 공급량,candidate_after_validation,medium_low
21050720,부산진구,가야2동,safety,안전,0.5,crime_prevention_access,범죄예방 기반,74.634146,1,소지역 보정 범죄예방 CCTV 공급량,candidate_after_validation,medium_low
21150610,사상구,주례2동,safety,안전,0.5,crime_prevention_access,범죄예방 기반,74.146341,1,소지역 보정 범죄예방 CCTV 공급량,candidate_after_validation,medium_low
21060630,동래구,명장1동,safety,안전,0.5,crime_prevention_access,범죄예방 기반,73.658537,1,소지역 보정 범죄예방 CCTV 공급량,candidate_after_validation,medium_low
21100620,사하구,다대1동,safety,안전,0.5,crime_prevention_access,범죄예방 기반,73.170732,1,소지역 보정 범죄예방 CCTV 공급량,candidate_after_validation,medium_low
21150620,사상구,주례3동,safety,안전,0.5,crime_prevention_access,범죄예방 기반,72.682927,1,소지역 보정 범죄예방 CCTV 공급량,candidate_after_validation,medium_low
21110580,금정구,부곡2동,safety,안전,0.5,crime_prevention_access,범죄예방 기반,72.195122,1,소지역 보정 범죄예방 CCTV 공급량,candidate_after_validation,medium_low
21090640,해운대구,재송1동,safety,안전,0.5,crime_prevention_access,범죄예방 기반,71.707317,1,소지역 보정 범죄예방 CCTV 공급량,candidate_after_validation,medium_low
21070580,남구,용호2동,safety,안전,0.5,crime_prevention_access,범죄예방 기반,71.219512,1,소지역 보정 범죄예방 CCTV 공급량,candidate_after_validation,medium_low
21050550,부산진구,초읍동,safety,안전,0.5,crime_prevention_access,범죄예방 기반,70.731707,1,소지역 보정 범죄예방 CCTV 공급량,candidate_after_validation,medium_low
21040540,영도구,영선1동,safety,안전,0.5,crime_prevention_access,범죄예방 기반,70.243902,1,소지역 보정 범죄예방 CCTV 공급량,candidate_after_validation,medium_low
21100550,사하구,당리동,safety,안전,0.5,crime_prevention_access,범죄예방 기반,69.756098,0,,monitor,medium_low
21140540,수영구,망미1동,safety,안전,0.5,crime_prevention_access,범죄예방 기반,69.268293,0,,monitor,medium_low
21080540,북구,금곡동,safety,안전,0.5,crime_prevention_access,범죄예방 기반,68.780488,0,,monitor,medium_low
21020560,서구,서대신3동,safety,안전,0.5,crime_prevention_access,범죄예방 기반,68.292683,0,,monitor,medium_low
21140600,수영구,민락동,safety,안전,0.5,crime_prevention_access,범죄예방 기반,67.804878,0,,monitor,medium_low
21120590,강서구,명지1동,safety,안전,0.5,crime_prevention_access,범죄예방 기반,67.317073,0,,monitor,medium_low
21100590,사하구,신평2동,safety,안전,0.5,crime_prevention_access,범죄예방 기반,66.829268,0,,monitor,medium_low
21070540,남구,대연4동,safety,안전,0.5,crime_prevention_access,범죄예방 기반,66.341463,0,,monitor,medium_low
21040670,영도구,동삼3동,safety,안전,0.5,crime_prevention_access,범죄예방 기반,65.853659,0,,monitor,medium_low
21020540,서구,서대신1동,safety,안전,0.5,crime_prevention_access,범죄예방 기반,65.365854,0,,monitor,medium_low
21100560,사하구,하단1동,safety,안전,0.5,crime_prevention_access,범죄예방 기반,64.878049,0,,monitor,medium_low
21130590,연제구,연산5동,safety,안전,0.5,crime_prevention_access,범죄예방 기반,64.390244,0,,monitor,medium_low
21050750,부산진구,개금2동,safety,안전,0.5,crime_prevention_access,범죄예방 기반,63.902439,0,,monitor,medium_low
21080590,북구,만덕1동,safety,안전,0.5,crime_prevention_access,범죄예방 기반,63.414634,0,,monitor,medium_low
21140590,수영구,광안4동,safety,안전,0.5,crime_prevention_access,범죄예방 기반,62.926829,0,,monitor,medium_low
21040650,영도구,동삼1동,safety,안전,0.5,crime_prevention_access,범죄예방 기반,62.439024,0,,monitor,medium_low
21050810,부산진구,가야1동,safety,안전,0.5,crime_prevention_access,범죄예방 기반,61.95122,0,,monitor,medium_low
21090730,해운대구,우1동,safety,안전,0.5,crime_prevention_access,범죄예방 기반,61.463415,0,,monitor,medium_low
21110680,금정구,남산동,safety,안전,0.5,crime_prevention_access,범죄예방 기반,60.97561,0,,monitor,medium_low
21100600,사하구,장림1동,safety,안전,0.5,crime_prevention_access,범죄예방 기반,60.487805,0,,monitor,medium_low
21050830,부산진구,전포1동,safety,안전,0.5,crime_prevention_access,범죄예방 기반,60.0,0,,monitor,medium_low
21140560,수영구,광안1동,safety,안전,0.5,crime_prevention_access,범죄예방 기반,59.512195,0,,monitor,medium_low
21050770,부산진구,범천1동,safety,안전,0.5,crime_prevention_access,범죄예방 기반,59.02439,0,,monitor,medium_low
21120562,강서구,신호동,safety,안전,0.5,crime_prevention_access,범죄예방 기반,58.536585,0,,monitor,medium_low
21150600,사상구,주례1동,safety,안전,0.5,crime_prevention_access,범죄예방 기반,58.04878,0,,monitor,medium_low
21110600,금정구,부곡4동,safety,안전,0.5,crime_prevention_access,범죄예방 기반,57.560976,0,,monitor,medium_low
21050700,부산진구,당감4동,safety,안전,0.5,crime_prevention_access,범죄예방 기반,57.073171,0,,monitor,medium_low
21070690,남구,문현4동,safety,안전,0.5,crime_prevention_access,범죄예방 기반,56.585366,0,,monitor,medium_low
21070530,남구,대연3동,safety,안전,0.5,crime_prevention_access,범죄예방 기반,56.097561,0,,monitor,medium_low
21060640,동래구,명장2동,safety,안전,0.5,crime_prevention_access,범죄예방 기반,55.609756,0,,monitor,medium_low
21130550,연제구,연산1동,safety,안전,0.5,crime_prevention_access,범죄예방 기반,55.121951,0,,monitor,medium_low
21140510,수영구,남천1동,safety,안전,0.5,crime_prevention_access,범죄예방 기반,54.634146,0,,monitor,medium_low
21130580,연제구,연산4동,safety,안전,0.5,crime_prevention_access,범죄예방 기반,54.146341,0,,monitor,medium_low
21020680,서구,암남동,safety,안전,0.5,crime_prevention_access,범죄예방 기반,53.658537,0,,monitor,medium_low
21080620,북구,화명2동,safety,안전,0.5,crime_prevention_access,범죄예방 기반,53.170732,0,,monitor,medium_low
21130530,연제구,거제3동,safety,안전,0.5,crime_prevention_access,범죄예방 기반,52.682927,0,,monitor,medium_low
21040690,영도구,봉래2동,safety,안전,0.5,crime_prevention_access,범죄예방 기반,52.195122,0,,monitor,medium_low
21150520,사상구,모라1동,safety,안전,0.5,crime_prevention_access,범죄예방 기반,51.707317,0,,monitor,medium_low
21080580,북구,덕천3동,safety,안전,0.5,crime_prevention_access,범죄예방 기반,51.219512,0,,monitor,medium_low
21040550,영도구,영선2동,safety,안전,0.5,crime_prevention_access,범죄예방 기반,50.731707,0,,monitor,medium_low
21070620,남구,감만1동,safety,안전,0.5,crime_prevention_access,범죄예방 기반,50.243902,0,,monitor,medium_low
21050840,부산진구,범천2동,safety,안전,0.5,crime_prevention_access,범죄예방 기반,49.756098,0,,monitor,medium_low
21070600,남구,용호4동,safety,안전,0.5,crime_prevention_access,범죄예방 기반,49.268293,0,,monitor,medium_low
21100640,사하구,구평동,safety,안전,0.5,crime_prevention_access,범죄예방 기반,48.780488,0,,monitor,medium_low
21150560,사상구,덕포2동,safety,안전,0.5,crime_prevention_access,범죄예방 기반,48.292683,0,,monitor,medium_low
21090650,해운대구,재송2동,safety,안전,0.5,crime_prevention_access,범죄예방 기반,47.804878,0,,monitor,medium_low
21090580,해운대구,반여2동,safety,안전,0.5,crime_prevention_access,범죄예방 기반,47.317073,0,,monitor,medium_low
21110520,금정구,서2동,safety,안전,0.5,crime_prevention_access,범죄예방 기반,46.829268,0,,monitor,medium_low
21130620,연제구,연산8동,safety,안전,0.5,crime_prevention_access,범죄예방 기반,46.341463,0,,monitor,medium_low
21100570,사하구,하단2동,safety,안전,0.5,crime_prevention_access,범죄예방 기반,45.853659,0,,monitor,medium_low
21030530,동구,초량3동,safety,안전,0.5,crime_prevention_access,범죄예방 기반,45.365854,0,,monitor,medium_low
21020510,서구,동대신1동,safety,안전,0.5,crime_prevention_access,범죄예방 기반,44.878049,0,,monitor,medium_low
21080600,북구,만덕2동,safety,안전,0.5,crime_prevention_access,범죄예방 기반,44.390244,0,,monitor,medium_low
21110590,금정구,부곡3동,safety,안전,0.5,crime_prevention_access,범죄예방 기반,43.902439,0,,monitor,medium_low
21140570,수영구,광안2동,safety,안전,0.5,crime_prevention_access,범죄예방 기반,43.414634,0,,monitor,medium_low
21110670,금정구,청룡노포동,safety,안전,0.5,crime_prevention_access,범죄예방 기반,42.926829,0,,monitor,medium_low
21080560,북구,덕천1동,safety,안전,0.5,crime_prevention_access,범죄예방 기반,42.439024,0,,monitor,medium_low
21050820,부산진구,부전1동,safety,안전,0.5,crime_prevention_access,범죄예방 기반,41.95122,0,,monitor,medium_low
21050520,부산진구,부전2동,safety,안전,0.5,crime_prevention_access,범죄예방 기반,41.463415,0,,monitor,medium_low
21110610,금정구,장전1동,safety,안전,0.5,crime_prevention_access,범죄예방 기반,40.97561,0,,monitor,medium_low
21110570,금정구,부곡1동,safety,안전,0.5,crime_prevention_access,범죄예방 기반,40.487805,0,,monitor,medium_low
21090620,해운대구,반송2동,safety,안전,0.5,crime_prevention_access,범죄예방 기반,40.0,0,,monitor,medium_low
21090540,해운대구,중2동,safety,안전,0.5,crime_prevention_access,범죄예방 기반,39.512195,0,,monitor,medium_low
21070680,남구,문현3동,safety,안전,0.5,crime_prevention_access,범죄예방 기반,39.02439,0,,monitor,medium_low
21150570,사상구,괘법동,safety,안전,0.5,crime_prevention_access,범죄예방 기반,38.536585,0,,monitor,medium_low
21020640,서구,충무동,safety,안전,0.5,crime_prevention_access,범죄예방 기반,38.04878,0,,monitor,medium_low
21150650,사상구,감전동,safety,안전,0.5,crime_prevention_access,범죄예방 기반,37.560976,0,,monitor,medium_low
21060520,동래구,복산동,safety,안전,0.5,crime_prevention_access,범죄예방 기반,37.073171,0,,monitor,medium_low
21090590,해운대구,반여3동,safety,안전,0.5,crime_prevention_access,범죄예방 기반,36.585366,0,,monitor,medium_low
21110510,금정구,서1동,safety,안전,0.5,crime_prevention_access,범죄예방 기반,36.097561,0,,monitor,medium_low
21040630,영도구,청학1동,safety,안전,0.5,crime_prevention_access,범죄예방 기반,35.609756,0,,monitor,medium_low
21030510,동구,초량1동,safety,안전,0.5,crime_prevention_access,범죄예방 기반,35.121951,0,,monitor,medium_low
21100510,사하구,괴정1동,safety,안전,0.5,crime_prevention_access,범죄예방 기반,34.634146,0,,monitor,medium_low
21100530,사하구,괴정3동,safety,안전,0.5,crime_prevention_access,범죄예방 기반,34.146341,0,,monitor,medium_low
21040590,영도구,봉래1동,safety,안전,0.5,crime_prevention_access,범죄예방 기반,33.658537,0,,monitor,medium_low
21110710,금정구,금성동,safety,안전,0.5,crime_prevention_access,범죄예방 기반,33.170732,0,,monitor,medium_low
21100520,사하구,괴정2동,safety,안전,0.5,crime_prevention_access,범죄예방 기반,32.682927,0,,monitor,medium_low
21040530,영도구,남항동,safety,안전,0.5,crime_prevention_access,범죄예방 기반,32.195122,0,,monitor,medium_low
21040640,영도구,청학2동,safety,안전,0.5,crime_prevention_access,범죄예방 기반,31.707317,0,,monitor,medium_low
21020530,서구,동대신3동,safety,안전,0.5,crime_prevention_access,범죄예방 기반,31.219512,0,,monitor,medium_low
21040660,영도구,동삼2동,safety,안전,0.5,crime_prevention_access,범죄예방 기반,30.731707,0,,monitor,medium_low
21120530,강서구,강동동,safety,안전,0.5,crime_prevention_access,범죄예방 기반,30.243902,0,,monitor,medium_low
21020570,서구,서대신4동,safety,안전,0.5,crime_prevention_access,범죄예방 기반,29.756098,0,,monitor,medium_low
21020650,서구,남부민1동,safety,안전,0.5,crime_prevention_access,범죄예방 기반,29.268293,0,,monitor,medium_low
21070550,남구,대연5동,safety,안전,0.5,crime_prevention_access,범죄예방 기반,28.780488,0,,monitor,medium_low
21130600,연제구,연산6동,safety,안전,0.5,crime_prevention_access,범죄예방 기반,28.292683,0,,monitor,medium_low
21140550,수영구,망미2동,safety,안전,0.5,crime_prevention_access,범죄예방 기반,27.804878,0,,monitor,medium_low
21510330,기장군,철마면,safety,안전,0.5,crime_prevention_access,범죄예방 기반,27.317073,0,,monitor,medium_low
21150510,사상구,삼락동,safety,안전,0.5,crime_prevention_access,범죄예방 기반,26.829268,0,,monitor,medium_low
21140530,수영구,수영동,safety,안전,0.5,crime_prevention_access,범죄예방 기반,26.341463,0,,monitor,medium_low
21030660,동구,범일2동,safety,안전,0.5,crime_prevention_access,범죄예방 기반,25.853659,0,,monitor,medium_low
21030570,동구,수정2동,safety,안전,0.5,crime_prevention_access,범죄예방 기반,25.365854,0,,monitor,medium_low
21020590,서구,부민동,safety,안전,0.5,crime_prevention_access,범죄예방 기반,24.878049,0,,monitor,medium_low
21510110,기장군,기장읍,safety,안전,0.5,crime_prevention_access,범죄예방 기반,24.390244,0,,monitor,medium_low
21110720,금정구,서3동,safety,안전,0.5,crime_prevention_access,범죄예방 기반,23.902439,0,,monitor,medium_low
21130570,연제구,연산3동,safety,안전,0.5,crime_prevention_access,범죄예방 기반,23.414634,0,,monitor,medium_low
21100650,사하구,감천1동,safety,안전,0.5,crime_prevention_access,범죄예방 기반,22.926829,0,,monitor,medium_low
21070660,남구,문현1동,safety,안전,0.5,crime_prevention_access,범죄예방 기반,22.439024,0,,monitor,medium_low
21070610,남구,용당동,safety,안전,0.5,crime_prevention_access,범죄예방 기반,21.95122,0,,monitor,medium_low
21080520,북구,구포2동,safety,안전,0.5,crime_prevention_access,범죄예방 기반,21.463415,0,,monitor,medium_low
21510111,기장군,일광읍,safety,안전,0.5,crime_prevention_access,범죄예방 기반,20.97561,0,,monitor,medium_low
21040680,영도구,신선동,safety,안전,0.5,crime_prevention_access,범죄예방 기반,20.487805,0,,monitor,medium_low
21100580,사하구,신평1동,safety,안전,0.5,crime_prevention_access,범죄예방 기반,20.0,0,,monitor,medium_low
21030560,동구,수정1동,safety,안전,0.5,crime_prevention_access,범죄예방 기반,19.512195,0,,monitor,medium_low
21080530,북구,구포3동,safety,안전,0.5,crime_prevention_access,범죄예방 기반,19.02439,0,,monitor,medium_low
21140580,수영구,광안3동,safety,안전,0.5,crime_prevention_access,범죄예방 기반,18.536585,0,,monitor,medium_low
21010540,중구,보수동,safety,안전,0.5,crime_prevention_access,범죄예방 기반,18.04878,0,,monitor,medium_low
21010520,중구,동광동,safety,안전,0.5,crime_prevention_access,범죄예방 기반,17.560976,0,,monitor,medium_low
21090720,해운대구,반송1동,safety,안전,0.5,crime_prevention_access,범죄예방 기반,17.073171,0,,monitor,medium_low
21020690,서구,남부민2동,safety,안전,0.5,crime_prevention_access,범죄예방 기반,16.585366,0,,monitor,medium_low
21070700,남구,대연1동,safety,안전,0.5,crime_prevention_access,범죄예방 기반,16.097561,0,,monitor,medium_low
21130540,연제구,거제4동,safety,안전,0.5,crime_prevention_access,범죄예방 기반,15.609756,0,,monitor,medium_low
21030550,동구,초량6동,safety,안전,0.5,crime_prevention_access,범죄예방 기반,15.121951,0,,monitor,medium_low
21110640,금정구,선두구동,safety,안전,0.5,crime_prevention_access,범죄예방 기반,14.634146,0,,monitor,medium_low
21080570,북구,덕천2동,safety,안전,0.5,crime_prevention_access,범죄예방 기반,14.146341,0,,monitor,medium_low
21030700,동구,좌천동,safety,안전,0.5,crime_prevention_access,범죄예방 기반,13.658537,0,,monitor,medium_low
21030520,동구,초량2동,safety,안전,0.5,crime_prevention_access,범죄예방 기반,13.170732,0,,monitor,medium_low
21070710,남구,우암동,safety,안전,0.5,crime_prevention_access,범죄예방 기반,12.682927,0,,monitor,medium_low
21090560,해운대구,송정동,safety,안전,0.5,crime_prevention_access,범죄예방 기반,12.195122,0,,monitor,medium_low
21080510,북구,구포1동,safety,안전,0.5,crime_prevention_access,범죄예방 기반,11.707317,0,,monitor,medium_low
21010600,중구,영주2동,safety,안전,0.5,crime_prevention_access,범죄예방 기반,11.219512,0,,monitor,medium_low
21030600,동구,수정5동,safety,안전,0.5,crime_prevention_access,범죄예방 기반,10.731707,0,,monitor,medium_low
21070590,남구,용호3동,safety,안전,0.5,crime_prevention_access,범죄예방 기반,10.243902,0,,monitor,medium_low
21020630,서구,초장동,safety,안전,0.5,crime_prevention_access,범죄예방 기반,9.756098,0,,monitor,medium_low
21100660,사하구,감천2동,safety,안전,0.5,crime_prevention_access,범죄예방 기반,9.268293,0,,monitor,medium_low
21030590,동구,수정4동,safety,안전,0.5,crime_prevention_access,범죄예방 기반,8.780488,0,,monitor,medium_low
21010590,중구,영주1동,safety,안전,0.5,crime_prevention_access,범죄예방 기반,8.292683,0,,monitor,medium_low
21010560,중구,부평동,safety,안전,0.5,crime_prevention_access,범죄예방 기반,7.804878,0,,monitor,medium_low
21070670,남구,문현2동,safety,안전,0.5,crime_prevention_access,범죄예방 기반,7.317073,0,,monitor,medium_low
21120580,강서구,가덕도동,safety,안전,0.5,crime_prevention_access,범죄예방 기반,6.829268,0,,monitor,medium_low
21020520,서구,동대신2동,safety,안전,0.5,crime_prevention_access,범죄예방 기반,6.341463,0,,monitor,medium_low
21030710,동구,범일1동,safety,안전,0.5,crime_prevention_access,범죄예방 기반,5.853659,0,,monitor,medium_low
21020610,서구,아미동,safety,안전,0.5,crime_prevention_access,범죄예방 기반,5.365854,0,,monitor,medium_low
21070630,남구,감만2동,safety,안전,0.5,crime_prevention_access,범죄예방 기반,4.878049,0,,monitor,medium_low
21010510,중구,중앙동,safety,안전,0.5,crime_prevention_access,범죄예방 기반,4.390244,0,,monitor,medium_low
21110730,금정구,금사회동동,safety,안전,0.5,crime_prevention_access,범죄예방 기반,3.902439,0,,monitor,medium_low
21010580,중구,남포동,safety,안전,0.5,crime_prevention_access,범죄예방 기반,3.414634,0,,monitor,medium_low
21120561,강서구,녹산동,safety,안전,0.5,crime_prevention_access,범죄예방 기반,2.926829,0,,monitor,medium_low
21010530,중구,대청동,safety,안전,0.5,crime_prevention_access,범죄예방 기반,2.439024,0,,monitor,medium_low
21010570,중구,광복동,safety,안전,0.5,crime_prevention_access,범죄예방 기반,1.95122,0,,monitor,medium_low
21120550,강서구,가락동,safety,안전,0.5,crime_prevention_access,범죄예방 기반,1.463415,0,,monitor,medium_low
21510120,기장군,장안읍,safety,안전,0.5,crime_prevention_access,범죄예방 기반,0.97561,0,,monitor,medium_low
21120520,강서구,대저2동,safety,안전,0.5,crime_prevention_access,범죄예방 기반,0.487805,0,,monitor,medium_low
21120510,강서구,대저1동,safety,안전,0.5,crime_prevention_access,범죄예방 기반,0.0,0,,monitor,medium_low
21110730,금정구,금사회동동,living_services_settlement,생활 인프라·주거,0.25,education_access_supply,교육시설 접근·공급,95.182928,4,행정동 중심점 최근접 학교 거리|행정동 내 초·중·고 수|중심점 2km 내 초·중·고 수|중심점 2km 내 활동 교원 수,candidate_after_validation,medium_low
21110640,금정구,선두구동,living_services_settlement,생활 인프라·주거,0.25,education_access_supply,교육시설 접근·공급,91.97560999999999,4,행정동 중심점 최근접 학교 거리|행정동 내 초·중·고 수|중심점 2km 내 초·중·고 수|중심점 2km 내 활동 교원 수,candidate_after_validation,medium_low
21090560,해운대구,송정동,living_services_settlement,생활 인프라·주거,0.25,education_access_supply,교육시설 접근·공급,91.195122,4,행정동 중심점 최근접 학교 거리|행정동 내 초·중·고 수|중심점 2km 내 초·중·고 수|중심점 2km 내 활동 교원 수,candidate_after_validation,medium_low
21110710,금정구,금성동,living_services_settlement,생활 인프라·주거,0.25,education_access_supply,교육시설 접근·공급,90.817073,4,행정동 중심점 최근접 학교 거리|행정동 내 초·중·고 수|중심점 2km 내 초·중·고 수|중심점 2km 내 활동 교원 수,candidate_after_validation,medium_low
21110670,금정구,청룡노포동,living_services_settlement,생활 인프라·주거,0.25,education_access_supply,교육시설 접근·공급,87.926829,3,행정동 중심점 최근접 학교 거리|중심점 2km 내 초·중·고 수|중심점 2km 내 활동 교원 수,candidate_after_validation,medium_low
21510330,기장군,철마면,living_services_settlement,생활 인프라·주거,0.25,education_access_supply,교육시설 접근·공급,87.890244,3,행정동 중심점 최근접 학교 거리|중심점 2km 내 초·중·고 수|중심점 2km 내 활동 교원 수,candidate_after_validation,medium_low
21120550,강서구,가락동,living_services_settlement,생활 인프라·주거,0.25,education_access_supply,교육시설 접근·공급,86.426829,3,행정동 중심점 최근접 학교 거리|중심점 2km 내 초·중·고 수|중심점 2km 내 활동 교원 수,candidate_after_validation,medium_low
21070600,남구,용호4동,living_services_settlement,생활 인프라·주거,0.25,education_access_supply,교육시설 접근·공급,85.792683,4,행정동 중심점 최근접 학교 거리|행정동 내 초·중·고 수|중심점 2km 내 초·중·고 수|중심점 2km 내 활동 교원 수,candidate_after_validation,medium_low
21120530,강서구,강동동,living_services_settlement,생활 인프라·주거,0.25,education_access_supply,교육시설 접근·공급,83.682927,3,행정동 중심점 최근접 학교 거리|중심점 2km 내 초·중·고 수|중심점 2km 내 활동 교원 수,candidate_after_validation,medium_low
21100590,사하구,신평2동,living_services_settlement,생활 인프라·주거,0.25,education_access_supply,교육시설 접근·공급,82.329269,4,행정동 중심점 최근접 학교 거리|행정동 내 초·중·고 수|중심점 2km 내 초·중·고 수|중심점 2km 내 활동 교원 수,candidate_after_validation,medium_low
21100640,사하구,구평동,living_services_settlement,생활 인프라·주거,0.25,education_access_supply,교육시설 접근·공급,81.987806,4,행정동 중심점 최근접 학교 거리|행정동 내 초·중·고 수|중심점 2km 내 초·중·고 수|중심점 2km 내 활동 교원 수,candidate_after_validation,medium_low
21120580,강서구,가덕도동,living_services_settlement,생활 인프라·주거,0.25,education_access_supply,교육시설 접근·공급,81.865854,3,행정동 중심점 최근접 학교 거리|중심점 2km 내 초·중·고 수|중심점 2km 내 활동 교원 수,candidate_after_validation,medium_low
21120561,강서구,녹산동,living_services_settlement,생활 인프라·주거,0.25,education_access_supply,교육시설 접근·공급,81.439024,3,행정동 중심점 최근접 학교 거리|중심점 2km 내 초·중·고 수|중심점 2km 내 활동 교원 수,candidate_after_validation,medium_low
21510111,기장군,일광읍,living_services_settlement,생활 인프라·주거,0.25,education_access_supply,교육시설 접근·공급,81.365853,3,행정동 중심점 최근접 학교 거리|중심점 2km 내 초·중·고 수|중심점 2km 내 활동 교원 수,candidate_after_validation,medium_low
21120520,강서구,대저2동,living_services_settlement,생활 인프라·주거,0.25,education_access_supply,교육시설 접근·공급,80.01219499999999,3,행정동 중심점 최근접 학교 거리|중심점 2km 내 초·중·고 수|중심점 2km 내 활동 교원 수,candidate_after_validation,medium_low
21150510,사상구,삼락동,living_services_settlement,생활 인프라·주거,0.25,education_access_supply,교육시설 접근·공급,79.5,4,행정동 중심점 최근접 학교 거리|행정동 내 초·중·고 수|중심점 2km 내 초·중·고 수|중심점 2km 내 활동 교원 수,candidate_after_validation,medium_low
21070620,남구,감만1동,living_services_settlement,생활 인프라·주거,0.25,education_access_supply,교육시설 접근·공급,79.353659,2,중심점 2km 내 초·중·고 수|중심점 2km 내 활동 교원 수,candidate_after_validation,medium_low
21110590,금정구,부곡3동,living_services_settlement,생활 인프라·주거,0.25,education_access_supply,교육시설 접근·공급,79.268293,3,행정동 중심점 최근접 학교 거리|중심점 2km 내 초·중·고 수|중심점 2km 내 활동 교원 수,candidate_after_validation,medium_low
21020680,서구,암남동,living_services_settlement,생활 인프라·주거,0.25,education_access_supply,교육시설 접근·공급,79.256098,3,행정동 중심점 최근접 학교 거리|중심점 2km 내 초·중·고 수|중심점 2km 내 활동 교원 수,candidate_after_validation,medium_low
21090580,해운대구,반여2동,living_services_settlement,생활 인프라·주거,0.25,education_access_supply,교육시설 접근·공급,79.158537,3,행정동 내 초·중·고 수|중심점 2km 내 초·중·고 수|중심점 2km 내 활동 교원 수,candidate_after_validation,medium_low
21100560,사하구,하단1동,living_services_settlement,생활 인프라·주거,0.25,education_access_supply,교육시설 접근·공급,78.52439,3,행정동 중심점 최근접 학교 거리|중심점 2km 내 초·중·고 수|중심점 2km 내 활동 교원 수,candidate_after_validation,medium_low
21030530,동구,초량3동,living_services_settlement,생활 인프라·주거,0.25,education_access_supply,교육시설 접근·공급,77.463414,2,행정동 중심점 최근접 학교 거리|행정동 내 초·중·고 수,candidate_after_validation,medium_low
21150650,사상구,감전동,living_services_settlement,생활 인프라·주거,0.25,education_access_supply,교육시설 접근·공급,77.036586,3,행정동 중심점 최근접 학교 거리|중심점 2km 내 초·중·고 수|중심점 2km 내 활동 교원 수,candidate_after_validation,medium_low
21030590,동구,수정4동,living_services_settlement,생활 인프라·주거,0.25,education_access_supply,교육시설 접근·공급,76.963415,2,행정동 중심점 최근접 학교 거리|행정동 내 초·중·고 수,candidate_after_validation,medium_low
21090720,해운대구,반송1동,living_services_settlement,생활 인프라·주거,0.25,education_access_supply,교육시설 접근·공급,75.280488,3,행정동 중심점 최근접 학교 거리|중심점 2km 내 초·중·고 수|중심점 2km 내 활동 교원 수,candidate_after_validation,medium_low
21040690,영도구,봉래2동,living_services_settlement,생활 인프라·주거,0.25,education_access_supply,교육시설 접근·공급,75.085366,2,행정동 내 초·중·고 수|중심점 2km 내 활동 교원 수,candidate_after_validation,medium_low
21090690,해운대구,좌4동,living_services_settlement,생활 인프라·주거,0.25,education_access_supply,교육시설 접근·공급,74.52439,3,행정동 중심점 최근접 학교 거리|중심점 2km 내 초·중·고 수|중심점 2km 내 활동 교원 수,candidate_after_validation,medium_low
21120510,강서구,대저1동,living_services_settlement,생활 인프라·주거,0.25,education_access_supply,교육시설 접근·공급,74.52439,3,행정동 중심점 최근접 학교 거리|중심점 2km 내 초·중·고 수|중심점 2km 내 활동 교원 수,candidate_after_validation,medium_low
21510120,기장군,장안읍,living_services_settlement,생활 인프라·주거,0.25,education_access_supply,교육시설 접근·공급,73.890244,3,행정동 중심점 최근접 학교 거리|중심점 2km 내 초·중·고 수|중심점 2km 내 활동 교원 수,candidate_after_validation,medium_low
21090590,해운대구,반여3동,living_services_settlement,생활 인프라·주거,0.25,education_access_supply,교육시설 접근·공급,73.42683,2,중심점 2km 내 초·중·고 수|중심점 2km 내 활동 교원 수,candidate_after_validation,medium_low
21090540,해운대구,중2동,living_services_settlement,생활 인프라·주거,0.25,education_access_supply,교육시설 접근·공급,72.890244,3,행정동 중심점 최근접 학교 거리|행정동 내 초·중·고 수|중심점 2km 내 초·중·고 수,candidate_after_validation,medium_low
21040540,영도구,영선1동,living_services_settlement,생활 인프라·주거,0.25,education_access_supply,교육시설 접근·공급,72.402439,2,행정동 내 초·중·고 수|중심점 2km 내 활동 교원 수,candidate_after_validation,medium_low
21040660,영도구,동삼2동,living_services_settlement,생활 인프라·주거,0.25,education_access_supply,교육시설 접근·공급,72.378049,2,중심점 2km 내 초·중·고 수|중심점 2km 내 활동 교원 수,candidate_after_validation,medium_low
21030680,동구,범일5동,living_services_settlement,생활 인프라·주거,0.25,education_access_supply,교육시설 접근·공급,72.158536,2,행정동 중심점 최근접 학교 거리|행정동 내 초·중·고 수,candidate_after_validation,medium_low
21100600,사하구,장림1동,living_services_settlement,생활 인프라·주거,0.25,education_access_supply,교육시설 접근·공급,71.670733,2,중심점 2km 내 초·중·고 수|중심점 2km 내 활동 교원 수,candidate_after_validation,medium_low
21150570,사상구,괘법동,living_services_settlement,생활 인프라·주거,0.25,education_access_supply,교육시설 접근·공급,71.463415,3,행정동 중심점 최근접 학교 거리|중심점 2km 내 초·중·고 수|중심점 2km 내 활동 교원 수,candidate_after_validation,medium_low
21070580,남구,용호2동,living_services_settlement,생활 인프라·주거,0.25,education_access_supply,교육시설 접근·공급,71.170732,2,중심점 2km 내 초·중·고 수|중심점 2km 내 활동 교원 수,candidate_after_validation,medium_low
21040590,영도구,봉래1동,living_services_settlement,생활 인프라·주거,0.25,education_access_supply,교육시설 접근·공급,70.829268,2,행정동 내 초·중·고 수|중심점 2km 내 활동 교원 수,candidate_after_validation,medium_low
21080590,북구,만덕1동,living_services_settlement,생활 인프라·주거,0.25,education_access_supply,교육시설 접근·공급,70.426829,2,중심점 2km 내 초·중·고 수|중심점 2km 내 활동 교원 수,candidate_after_validation,medium_low
21020570,서구,서대신4동,living_services_settlement,생활 인프라·주거,0.25,education_access_supply,교육시설 접근·공급,70.304879,3,행정동 중심점 최근접 학교 거리|중심점 2km 내 초·중·고 수|중심점 2km 내 활동 교원 수,candidate_after_validation,medium_low
21040640,영도구,청학2동,living_services_settlement,생활 인프라·주거,0.25,education_access_supply,교육시설 접근·공급,70.292683,2,행정동 내 초·중·고 수|중심점 2km 내 활동 교원 수,candidate_after_validation,medium_low
21510110,기장군,기장읍,living_services_settlement,생활 인프라·주거,0.25,education_access_supply,교육시설 접근·공급,69.93902399999999,3,행정동 중심점 최근접 학교 거리|중심점 2km 내 초·중·고 수|중심점 2km 내 활동 교원 수,monitor,medium_low
21050750,부산진구,개금2동,living_services_settlement,생활 인프라·주거,0.25,education_access_supply,교육시설 접근·공급,69.756097,1,행정동 내 초·중·고 수,monitor,medium_low
21040630,영도구,청학1동,living_services_settlement,생활 인프라·주거,0.25,education_access_supply,교육시설 접근·공급,69.646341,2,중심점 2km 내 초·중·고 수|중심점 2km 내 활동 교원 수,monitor,medium_low
21080540,북구,금곡동,living_services_settlement,생활 인프라·주거,0.25,education_access_supply,교육시설 접근·공급,68.28048700000001,3,행정동 중심점 최근접 학교 거리|중심점 2km 내 초·중·고 수|중심점 2km 내 활동 교원 수,monitor,medium_low
21120600,강서구,명지2동,living_services_settlement,생활 인프라·주거,0.25,education_access_supply,교육시설 접근·공급,67.939024,3,행정동 중심점 최근접 학교 거리|중심점 2km 내 초·중·고 수|중심점 2km 내 활동 교원 수,monitor,medium_low
21120562,강서구,신호동,living_services_settlement,생활 인프라·주거,0.25,education_access_supply,교육시설 접근·공급,67.865854,2,중심점 2km 내 초·중·고 수|중심점 2km 내 활동 교원 수,monitor,medium_low
21100620,사하구,다대1동,living_services_settlement,생활 인프라·주거,0.25,education_access_supply,교육시설 접근·공급,67.829268,3,행정동 중심점 최근접 학교 거리|중심점 2km 내 초·중·고 수|중심점 2km 내 활동 교원 수,monitor,medium_low
21150640,사상구,엄궁동,living_services_settlement,생활 인프라·주거,0.25,education_access_supply,교육시설 접근·공급,67.573171,2,중심점 2km 내 초·중·고 수|중심점 2km 내 활동 교원 수,monitor,medium_low
21010560,중구,부평동,living_services_settlement,생활 인프라·주거,0.25,education_access_supply,교육시설 접근·공급,67.317073,1,행정동 내 초·중·고 수,monitor,medium_low
21110610,금정구,장전1동,living_services_settlement,생활 인프라·주거,0.25,education_access_supply,교육시설 접근·공급,67.012196,2,행정동 중심점 최근접 학교 거리|중심점 2km 내 초·중·고 수,monitor,medium_low
21080620,북구,화명2동,living_services_settlement,생활 인프라·주거,0.25,education_access_supply,교육시설 접근·공급,66.365854,3,행정동 중심점 최근접 학교 거리|중심점 2km 내 초·중·고 수|중심점 2km 내 활동 교원 수,monitor,medium_low
21100570,사하구,하단2동,living_services_settlement,생활 인프라·주거,0.25,education_access_supply,교육시설 접근·공급,66.256097,3,행정동 중심점 최근접 학교 거리|중심점 2km 내 초·중·고 수|중심점 2km 내 활동 교원 수,monitor,medium_low
21100630,사하구,다대2동,living_services_settlement,생활 인프라·주거,0.25,education_access_supply,교육시설 접근·공급,65.95122,2,중심점 2km 내 초·중·고 수|중심점 2km 내 활동 교원 수,monitor,medium_low
21110700,금정구,구서2동,living_services_settlement,생활 인프라·주거,0.25,education_access_supply,교육시설 접근·공급,64.329269,2,행정동 중심점 최근접 학교 거리|중심점 2km 내 초·중·고 수,monitor,medium_low
21150540,사상구,모라3동,living_services_settlement,생활 인프라·주거,0.25,education_access_supply,교육시설 접근·공급,64.012195,2,중심점 2km 내 초·중·고 수|중심점 2km 내 활동 교원 수,monitor,medium_low
21150630,사상구,학장동,living_services_settlement,생활 인프라·주거,0.25,education_access_supply,교육시설 접근·공급,63.939025,2,중심점 2km 내 초·중·고 수|중심점 2km 내 활동 교원 수,monitor,medium_low
21020690,서구,남부민2동,living_services_settlement,생활 인프라·주거,0.25,education_access_supply,교육시설 접근·공급,63.585365,1,중심점 2km 내 활동 교원 수,monitor,medium_low
21080560,북구,덕천1동,living_services_settlement,생활 인프라·주거,0.25,education_access_supply,교육시설 접근·공급,62.829269,2,행정동 중심점 최근접 학교 거리|행정동 내 초·중·고 수,monitor,medium_low
21140520,수영구,남천2동,living_services_settlement,생활 인프라·주거,0.25,education_access_supply,교육시설 접근·공급,62.524390999999994,1,행정동 내 초·중·고 수,monitor,medium_low
21110740,금정구,장전2동,living_services_settlement,생활 인프라·주거,0.25,education_access_supply,교육시설 접근·공급,62.52439,1,중심점 2km 내 초·중·고 수,monitor,medium_low
21140570,수영구,광안2동,living_services_settlement,생활 인프라·주거,0.25,education_access_supply,교육시설 접근·공급,62.158536999999995,0,,monitor,medium_low
21030570,동구,수정2동,living_services_settlement,생활 인프라·주거,0.25,education_access_supply,교육시설 접근·공급,62.134146,1,행정동 내 초·중·고 수,monitor,medium_low
21080610,북구,만덕3동,living_services_settlement,생활 인프라·주거,0.25,education_access_supply,교육시설 접근·공급,62.109756000000004,0,,monitor,medium_low
21040670,영도구,동삼3동,living_services_settlement,생활 인프라·주거,0.25,education_access_supply,교육시설 접근·공급,61.853659,1,중심점 2km 내 활동 교원 수,monitor,medium_low
21010510,중구,중앙동,living_services_settlement,생활 인프라·주거,0.25,education_access_supply,교육시설 접근·공급,61.731708,2,행정동 중심점 최근접 학교 거리|행정동 내 초·중·고 수,monitor,medium_low
21020650,서구,남부민1동,living_services_settlement,생활 인프라·주거,0.25,education_access_supply,교육시설 접근·공급,61.52439,2,행정동 내 초·중·고 수|중심점 2km 내 활동 교원 수,monitor,medium_low
21110680,금정구,남산동,living_services_settlement,생활 인프라·주거,0.25,education_access_supply,교육시설 접근·공급,61.390243999999996,2,중심점 2km 내 초·중·고 수|중심점 2km 내 활동 교원 수,monitor,medium_low
21040550,영도구,영선2동,living_services_settlement,생활 인프라·주거,0.25,education_access_supply,교육시설 접근·공급,61.134146,1,중심점 2km 내 활동 교원 수,monitor,medium_low
21090620,해운대구,반송2동,living_services_settlement,생활 인프라·주거,0.25,education_access_supply,교육시설 접근·공급,60.524391,2,중심점 2km 내 초·중·고 수|중심점 2km 내 활동 교원 수,monitor,medium_low
21150600,사상구,주례1동,living_services_settlement,생활 인프라·주거,0.25,education_access_supply,교육시설 접근·공급,60.414634,0,,monitor,medium_low
21080570,북구,덕천2동,living_services_settlement,생활 인프라·주거,0.25,education_access_supply,교육시설 접근·공급,59.621951,1,행정동 중심점 최근접 학교 거리,monitor,medium_low
21100550,사하구,당리동,living_services_settlement,생활 인프라·주거,0.25,education_access_supply,교육시설 접근·공급,59.243903,3,행정동 중심점 최근접 학교 거리|중심점 2km 내 초·중·고 수|중심점 2km 내 활동 교원 수,monitor,medium_low
21150620,사상구,주례3동,living_services_settlement,생활 인프라·주거,0.25,education_access_supply,교육시설 접근·공급,58.548781000000005,1,중심점 2km 내 활동 교원 수,monitor,medium_low
21120590,강서구,명지1동,living_services_settlement,생활 인프라·주거,0.25,education_access_supply,교육시설 접근·공급,58.060976,2,행정동 중심점 최근접 학교 거리|중심점 2km 내 초·중·고 수,monitor,medium_low
21010580,중구,남포동,living_services_settlement,생활 인프라·주거,0.25,education_access_supply,교육시설 접근·공급,57.512196,1,행정동 내 초·중·고 수,monitor,medium_low
21040530,영도구,남항동,living_services_settlement,생활 인프라·주거,0.25,education_access_supply,교육시설 접근·공급,57.170732,0,,monitor,medium_low
21100660,사하구,감천2동,living_services_settlement,생활 인프라·주거,0.25,education_access_supply,교육시설 접근·공급,57.036584999999995,2,행정동 중심점 최근접 학교 거리|행정동 내 초·중·고 수,monitor,medium_low
21070590,남구,용호3동,living_services_settlement,생활 인프라·주거,0.25,education_access_supply,교육시설 접근·공급,56.45122,0,,monitor,medium_low
21070610,남구,용당동,living_services_settlement,생활 인프라·주거,0.25,education_access_supply,교육시설 접근·공급,55.853658,1,행정동 중심점 최근접 학교 거리,monitor,medium_low
21150520,사상구,모라1동,living_services_settlement,생활 인프라·주거,0.25,education_access_supply,교육시설 접근·공급,55.829268,0,,monitor,medium_low
21020540,서구,서대신1동,living_services_settlement,생활 인프라·주거,0.25,education_access_supply,교육시설 접근·공급,55.487804,2,행정동 중심점 최근접 학교 거리|행정동 내 초·중·고 수,monitor,medium_low
21150560,사상구,덕포2동,living_services_settlement,생활 인프라·주거,0.25,education_access_supply,교육시설 접근·공급,54.597562,1,중심점 2km 내 활동 교원 수,monitor,medium_low
21030710,동구,범일1동,living_services_settlement,생활 인프라·주거,0.25,education_access_supply,교육시설 접근·공급,54.59756,0,,monitor,medium_low
21030700,동구,좌천동,living_services_settlement,생활 인프라·주거,0.25,education_access_supply,교육시설 접근·공급,54.353658,1,행정동 내 초·중·고 수,monitor,medium_low
21080510,북구,구포1동,living_services_settlement,생활 인프라·주거,0.25,education_access_supply,교육시설 접근·공급,54.256097,0,,monitor,medium_low
21050740,부산진구,개금1동,living_services_settlement,생활 인프라·주거,0.25,education_access_supply,교육시설 접근·공급,54.195122,1,행정동 내 초·중·고 수,monitor,medium_low
21100610,사하구,장림2동,living_services_settlement,생활 인프라·주거,0.25,education_access_supply,교육시설 접근·공급,53.841464,1,중심점 2km 내 초·중·고 수,monitor,medium_low
21150550,사상구,덕포1동,living_services_settlement,생활 인프라·주거,0.25,education_access_supply,교육시설 접근·공급,53.670733,2,중심점 2km 내 초·중·고 수|중심점 2km 내 활동 교원 수,monitor,medium_low
21080550,북구,화명1동,living_services_settlement,생활 인프라·주거,0.25,education_access_supply,교육시설 접근·공급,53.451218999999995,1,행정동 중심점 최근접 학교 거리,monitor,medium_low
21060560,동래구,온천2동,living_services_settlement,생활 인프라·주거,0.25,education_access_supply,교육시설 접근·공급,52.804877,1,행정동 중심점 최근접 학교 거리,monitor,medium_low
21010520,중구,동광동,living_services_settlement,생활 인프라·주거,0.25,education_access_supply,교육시설 접근·공급,52.243902,1,행정동 내 초·중·고 수,monitor,medium_low
21050550,부산진구,초읍동,living_services_settlement,생활 인프라·주거,0.25,education_access_supply,교육시설 접근·공급,52.231707,1,행정동 중심점 최근접 학교 거리,monitor,medium_low
21140530,수영구,수영동,living_services_settlement,생활 인프라·주거,0.25,education_access_supply,교육시설 접근·공급,51.878049,2,행정동 중심점 최근접 학교 거리|행정동 내 초·중·고 수,monitor,medium_low
21510130,기장군,정관읍,living_services_settlement,생활 인프라·주거,0.25,education_access_supply,교육시설 접근·공급,51.829269,2,행정동 중심점 최근접 학교 거리|중심점 2km 내 초·중·고 수,monitor,medium_low
21150610,사상구,주례2동,living_services_settlement,생활 인프라·주거,0.25,education_access_supply,교육시설 접근·공급,51.756097,1,중심점 2km 내 활동 교원 수,monitor,medium_low
21030560,동구,수정1동,living_services_settlement,생활 인프라·주거,0.25,education_access_supply,교육시설 접근·공급,51.695122,0,,monitor,medium_low
21040650,영도구,동삼1동,living_services_settlement,생활 인프라·주거,0.25,education_access_supply,교육시설 접근·공급,51.390244,2,중심점 2km 내 초·중·고 수|중심점 2km 내 활동 교원 수,monitor,medium_low
21080580,북구,덕천3동,living_services_settlement,생활 인프라·주거,0.25,education_access_supply,교육시설 접근·공급,51.353659,1,행정동 내 초·중·고 수,monitor,medium_low
21140560,수영구,광안1동,living_services_settlement,생활 인프라·주거,0.25,education_access_supply,교육시설 접근·공급,51.085364999999996,0,,monitor,medium_low
21090750,해운대구,우3동,living_services_settlement,생활 인프라·주거,0.25,education_access_supply,교육시설 접근·공급,50.951220000000006,1,중심점 2km 내 초·중·고 수,monitor,medium_low
21080530,북구,구포3동,living_services_settlement,생활 인프라·주거,0.25,education_access_supply,교육시설 접근·공급,50.768292,0,,monitor,medium_low
21010570,중구,광복동,living_services_settlement,생활 인프라·주거,0.25,education_access_supply,교육시설 접근·공급,50.439025,1,행정동 내 초·중·고 수,monitor,medium_low
21050680,부산진구,당감2동,living_services_settlement,생활 인프라·주거,0.25,education_access_supply,교육시설 접근·공급,50.060976,2,행정동 중심점 최근접 학교 거리|행정동 내 초·중·고 수,monitor,medium_low
21030510,동구,초량1동,living_services_settlement,생활 인프라·주거,0.25,education_access_supply,교육시설 접근·공급,49.987805,1,행정동 내 초·중·고 수,monitor,medium_low
21090700,해운대구,반여1동,living_services_settlement,생활 인프라·주거,0.25,education_access_supply,교육시설 접근·공급,49.939024,1,행정동 중심점 최근접 학교 거리,monitor,medium_low
21140590,수영구,광안4동,living_services_settlement,생활 인프라·주거,0.25,education_access_supply,교육시설 접근·공급,49.658537,0,,monitor,medium_low
21050720,부산진구,가야2동,living_services_settlement,생활 인프라·주거,0.25,education_access_supply,교육시설 접근·공급,48.512195,0,,monitor,medium_low
21100530,사하구,괴정3동,living_services_settlement,생활 인프라·주거,0.25,education_access_supply,교육시설 접근·공급,48.0,1,행정동 중심점 최근접 학교 거리,monitor,medium_low
21020530,서구,동대신3동,living_services_settlement,생활 인프라·주거,0.25,education_access_supply,교육시설 접근·공급,47.536585,0,,monitor,medium_low
21020640,서구,충무동,living_services_settlement,생활 인프라·주거,0.25,education_access_supply,교육시설 접근·공급,47.536585,0,,monitor,medium_low
21050700,부산진구,당감4동,living_services_settlement,생활 인프라·주거,0.25,education_access_supply,교육시설 접근·공급,47.109756000000004,0,,monitor,medium_low
21030600,동구,수정5동,living_services_settlement,생활 인프라·주거,0.25,education_access_supply,교육시설 접근·공급,46.865853,0,,monitor,medium_low
21020560,서구,서대신3동,living_services_settlement,생활 인프라·주거,0.25,education_access_supply,교육시설 접근·공급,46.597561,0,,monitor,medium_low
21140600,수영구,민락동,living_services_settlement,생활 인프라·주거,0.25,education_access_supply,교육시설 접근·공급,46.57317,0,,monitor,medium_low
21140580,수영구,광안3동,living_services_settlement,생활 인프라·주거,0.25,education_access_supply,교육시설 접근·공급,45.95122,0,,monitor,medium_low
21010590,중구,영주1동,living_services_settlement,생활 인프라·주거,0.25,education_access_supply,교육시설 접근·공급,45.682928,1,행정동 내 초·중·고 수,monitor,medium_low
21030520,동구,초량2동,living_services_settlement,생활 인프라·주거,0.25,education_access_supply,교육시설 접근·공급,45.451218999999995,1,행정동 내 초·중·고 수,monitor,medium_low
21080520,북구,구포2동,living_services_settlement,생활 인프라·주거,0.25,education_access_supply,교육시설 접근·공급,45.439025,0,,monitor,medium_low
21060580,동래구,사직1동,living_services_settlement,생활 인프라·주거,0.25,education_access_supply,교육시설 접근·공급,45.353657999999996,2,행정동 중심점 최근접 학교 거리|행정동 내 초·중·고 수,monitor,medium_low
21020630,서구,초장동,living_services_settlement,생활 인프라·주거,0.25,education_access_supply,교육시설 접근·공급,44.439025,1,행정동 내 초·중·고 수,monitor,medium_low
21030660,동구,범일2동,living_services_settlement,생활 인프라·주거,0.25,education_access_supply,교육시설 접근·공급,44.073171,1,행정동 내 초·중·고 수,monitor,medium_low
21020590,서구,부민동,living_services_settlement,생활 인프라·주거,0.25,education_access_supply,교육시설 접근·공급,43.914635000000004,1,행정동 내 초·중·고 수,monitor,medium_low
21140510,수영구,남천1동,living_services_settlement,생활 인프라·주거,0.25,education_access_supply,교육시설 접근·공급,43.780488,0,,monitor,medium_low
21060550,동래구,온천1동,living_services_settlement,생활 인프라·주거,0.25,education_access_supply,교육시설 접근·공급,43.707318,1,행정동 중심점 최근접 학교 거리,monitor,medium_low
21040680,영도구,신선동,living_services_settlement,생활 인프라·주거,0.25,education_access_supply,교육시설 접근·공급,43.195122,1,중심점 2km 내 활동 교원 수,monitor,medium_low
21080630,북구,화명3동,living_services_settlement,생활 인프라·주거,0.25,education_access_supply,교육시설 접근·공급,43.02439,0,,monitor,medium_low
21090740,해운대구,우2동,living_services_settlement,생활 인프라·주거,0.25,education_access_supply,교육시설 접근·공급,42.865853,1,행정동 중심점 최근접 학교 거리,monitor,medium_low
21070630,남구,감만2동,living_services_settlement,생활 인프라·주거,0.25,education_access_supply,교육시설 접근·공급,42.5,0,,monitor,medium_low
21070550,남구,대연5동,living_services_settlement,생활 인프라·주거,0.25,education_access_supply,교육시설 접근·공급,42.487805,0,,monitor,medium_low
21100520,사하구,괴정2동,living_services_settlement,생활 인프라·주거,0.25,education_access_supply,교육시설 접근·공급,41.487804999999994,1,행정동 중심점 최근접 학교 거리,monitor,medium_low
21090650,해운대구,재송2동,living_services_settlement,생활 인프라·주거,0.25,education_access_supply,교육시설 접근·공급,41.378048,0,,monitor,medium_low
21090640,해운대구,재송1동,living_services_settlement,생활 인프라·주거,0.25,education_access_supply,교육시설 접근·공급,41.195121,0,,monitor,medium_low
21050520,부산진구,부전2동,living_services_settlement,생활 인프라·주거,0.25,education_access_supply,교육시설 접근·공급,40.804879,1,행정동 내 초·중·고 수,monitor,medium_low
21050810,부산진구,가야1동,living_services_settlement,생활 인프라·주거,0.25,education_access_supply,교육시설 접근·공급,40.500001,0,,monitor,medium_low
21090670,해운대구,좌2동,living_services_settlement,생활 인프라·주거,0.25,education_access_supply,교육시설 접근·공급,40.353659,0,,monitor,medium_low
21140550,수영구,망미2동,living_services_settlement,생활 인프라·주거,0.25,education_access_supply,교육시설 접근·공급,40.097561,1,행정동 내 초·중·고 수,monitor,medium_low
21050660,부산진구,부암3동,living_services_settlement,생활 인프라·주거,0.25,education_access_supply,교육시설 접근·공급,39.829269,0,,monitor,medium_low
21070680,남구,문현3동,living_services_settlement,생활 인프라·주거,0.25,education_access_supply,교육시설 접근·공급,39.719512,1,행정동 내 초·중·고 수,monitor,medium_low
21070710,남구,우암동,living_services_settlement,생활 인프라·주거,0.25,education_access_supply,교육시설 접근·공급,39.585366,0,,monitor,medium_low
21090530,해운대구,중1동,living_services_settlement,생활 인프라·주거,0.25,education_access_supply,교육시설 접근·공급,39.012195,0,,monitor,medium_low
21080600,북구,만덕2동,living_services_settlement,생활 인프라·주거,0.25,education_access_supply,교육시설 접근·공급,38.902438000000004,0,,monitor,medium_low
21020610,서구,아미동,living_services_settlement,생활 인프라·주거,0.25,education_access_supply,교육시설 접근·공급,38.878049,1,행정동 내 초·중·고 수,monitor,medium_low
21010600,중구,영주2동,living_services_settlement,생활 인프라·주거,0.25,education_access_supply,교육시설 접근·공급,38.853658,1,행정동 중심점 최근접 학교 거리,monitor,medium_low
21070690,남구,문현4동,living_services_settlement,생활 인프라·주거,0.25,education_access_supply,교육시설 접근·공급,37.585366,0,,monitor,medium_low
21070700,남구,대연1동,living_services_settlement,생활 인프라·주거,0.25,education_access_supply,교육시설 접근·공급,37.487805,1,행정동 내 초·중·고 수,monitor,medium_low
21020510,서구,동대신1동,living_services_settlement,생활 인프라·주거,0.25,education_access_supply,교육시설 접근·공급,37.341464,1,행정동 내 초·중·고 수,monitor,medium_low
21010530,중구,대청동,living_services_settlement,생활 인프라·주거,0.25,education_access_supply,교육시설 접근·공급,36.926829,0,,monitor,medium_low
21030550,동구,초량6동,living_services_settlement,생활 인프라·주거,0.25,education_access_supply,교육시설 접근·공급,36.853659,1,행정동 중심점 최근접 학교 거리,monitor,medium_low
21050770,부산진구,범천1동,living_services_settlement,생활 인프라·주거,0.25,education_access_supply,교육시설 접근·공급,35.073172,1,행정동 내 초·중·고 수,monitor,medium_low
21130570,연제구,연산3동,living_services_settlement,생활 인프라·주거,0.25,education_access_supply,교육시설 접근·공급,35.073170999999995,1,행정동 내 초·중·고 수,monitor,medium_low
21130530,연제구,거제3동,living_services_settlement,생활 인프라·주거,0.25,education_access_supply,교육시설 접근·공급,34.756097999999994,1,행정동 내 초·중·고 수,monitor,medium_low
21090660,해운대구,좌1동,living_services_settlement,생활 인프라·주거,0.25,education_access_supply,교육시설 접근·공급,34.536586,0,,monitor,medium_low
21110520,금정구,서2동,living_services_settlement,생활 인프라·주거,0.25,education_access_supply,교육시설 접근·공급,34.292684,1,행정동 내 초·중·고 수,monitor,medium_low
21070570,남구,용호1동,living_services_settlement,생활 인프라·주거,0.25,education_access_supply,교육시설 접근·공급,34.109756,0,,monitor,medium_low
21130560,연제구,연산2동,living_services_settlement,생활 인프라·주거,0.25,education_access_supply,교육시설 접근·공급,33.54878,1,행정동 내 초·중·고 수,monitor,medium_low
21050800,부산진구,당감1동,living_services_settlement,생활 인프라·주거,0.25,education_access_supply,교육시설 접근·공급,33.0,0,,monitor,medium_low
21050540,부산진구,연지동,living_services_settlement,생활 인프라·주거,0.25,education_access_supply,교육시설 접근·공급,32.963415,1,행정동 내 초·중·고 수,monitor,medium_low
21010540,중구,보수동,living_services_settlement,생활 인프라·주거,0.25,education_access_supply,교육시설 접근·공급,32.329269,0,,monitor,medium_low
21060610,동래구,안락1동,living_services_settlement,생활 인프라·주거,0.25,education_access_supply,교육시설 접근·공급,31.92683,2,행정동 중심점 최근접 학교 거리|행정동 내 초·중·고 수,monitor,medium_low
21070540,남구,대연4동,living_services_settlement,생활 인프라·주거,0.25,education_access_supply,교육시설 접근·공급,31.353658,0,,monitor,medium_low
21130600,연제구,연산6동,living_services_settlement,생활 인프라·주거,0.25,education_access_supply,교육시설 접근·공급,30.939025,0,,monitor,medium_low
21130520,연제구,거제2동,living_services_settlement,생활 인프라·주거,0.25,education_access_supply,교육시설 접근·공급,30.597561,0,,monitor,medium_low
21110690,금정구,구서1동,living_services_settlement,생활 인프라·주거,0.25,education_access_supply,교육시설 접근·공급,30.195123000000002,0,,monitor,medium_low
21070530,남구,대연3동,living_services_settlement,생활 인프라·주거,0.25,education_access_supply,교육시설 접근·공급,30.012195,0,,monitor,medium_low
21100580,사하구,신평1동,living_services_settlement,생활 인프라·주거,0.25,education_access_supply,교육시설 접근·공급,29.841462,0,,monitor,medium_low
21100650,사하구,감천1동,living_services_settlement,생활 인프라·주거,0.25,education_access_supply,교육시설 접근·공급,29.597561,0,,monitor,medium_low
21020520,서구,동대신2동,living_services_settlement,생활 인프라·주거,0.25,education_access_supply,교육시설 접근·공급,29.329269,0,,monitor,medium_low
21100510,사하구,괴정1동,living_services_settlement,생활 인프라·주거,0.25,education_access_supply,교육시설 접근·공급,29.134145999999998,0,,monitor,medium_low
21100540,사하구,괴정4동,living_services_settlement,생활 인프라·주거,0.25,education_access_supply,교육시설 접근·공급,29.02439,0,,monitor,medium_low
21070670,남구,문현2동,living_services_settlement,생활 인프라·주거,0.25,education_access_supply,교육시설 접근·공급,28.97561,0,,monitor,medium_low
21130580,연제구,연산4동,living_services_settlement,생활 인프라·주거,0.25,education_access_supply,교육시설 접근·공급,28.560976,1,행정동 내 초·중·고 수,monitor,medium_low
21050640,부산진구,부암1동,living_services_settlement,생활 인프라·주거,0.25,education_access_supply,교육시설 접근·공급,28.121951,0,,monitor,medium_low
21110570,금정구,부곡1동,living_services_settlement,생활 인프라·주거,0.25,education_access_supply,교육시설 접근·공급,27.780488,0,,monitor,medium_low
21110720,금정구,서3동,living_services_settlement,생활 인프라·주거,0.25,education_access_supply,교육시설 접근·공급,27.670732,0,,monitor,medium_low
21060590,동래구,사직2동,living_services_settlement,생활 인프라·주거,0.25,education_access_supply,교육시설 접근·공급,27.109755999999997,0,,monitor,medium_low
21050840,부산진구,범천2동,living_services_settlement,생활 인프라·주거,0.25,education_access_supply,교육시설 접근·공급,25.536586,0,,monitor,medium_low
21140540,수영구,망미1동,living_services_settlement,생활 인프라·주거,0.25,education_access_supply,교육시설 접근·공급,25.304878000000002,0,,monitor,medium_low
21070660,남구,문현1동,living_services_settlement,생활 인프라·주거,0.25,education_access_supply,교육시설 접근·공급,25.207318,0,,monitor,medium_low
21050570,부산진구,양정2동,living_services_settlement,생활 인프라·주거,0.25,education_access_supply,교육시설 접근·공급,24.817073,0,,monitor,medium_low
21050760,부산진구,개금3동,living_services_settlement,생활 인프라·주거,0.25,education_access_supply,교육시설 접근·공급,23.609757000000002,0,,monitor,medium_low
21130550,연제구,연산1동,living_services_settlement,생활 인프라·주거,0.25,education_access_supply,교육시설 접근·공급,22.951219000000002,0,,monitor,medium_low
21130630,연제구,연산9동,living_services_settlement,생활 인프라·주거,0.25,education_access_supply,교육시설 접근·공급,22.731707,1,행정동 중심점 최근접 학교 거리,monitor,medium_low
21060600,동래구,사직3동,living_services_settlement,생활 인프라·주거,0.25,education_access_supply,교육시설 접근·공급,22.426828999999998,0,,monitor,medium_low
21110510,금정구,서1동,living_services_settlement,생활 인프라·주거,0.25,education_access_supply,교육시설 접근·공급,22.207317,0,,monitor,medium_low
21050820,부산진구,부전1동,living_services_settlement,생활 인프라·주거,0.25,education_access_supply,교육시설 접근·공급,22.048780999999998,0,,monitor,medium_low
21130590,연제구,연산5동,living_services_settlement,생활 인프라·주거,0.25,education_access_supply,교육시설 접근·공급,21.975609999999996,1,행정동 내 초·중·고 수,monitor,medium_low
21130540,연제구,거제4동,living_services_settlement,생활 인프라·주거,0.25,education_access_supply,교육시설 접근·공급,21.146341,0,,monitor,medium_low
21060570,동래구,온천3동,living_services_settlement,생활 인프라·주거,0.25,education_access_supply,교육시설 접근·공급,20.682927,0,,monitor,medium_low
21050560,부산진구,양정1동,living_services_settlement,생활 인프라·주거,0.25,education_access_supply,교육시설 접근·공급,20.59756,0,,monitor,medium_low
21090680,해운대구,좌3동,living_services_settlement,생활 인프라·주거,0.25,education_access_supply,교육시설 접근·공급,20.378048,0,,monitor,medium_low
21050610,부산진구,전포2동,living_services_settlement,생활 인프라·주거,0.25,education_access_supply,교육시설 접근·공급,19.926828999999998,0,,monitor,medium_low
21090730,해운대구,우1동,living_services_settlement,생활 인프라·주거,0.25,education_access_supply,교육시설 접근·공급,19.378048,0,,monitor,medium_low
21110600,금정구,부곡4동,living_services_settlement,생활 인프라·주거,0.25,education_access_supply,교육시설 접근·공급,19.268293,0,,monitor,medium_low
21130620,연제구,연산8동,living_services_settlement,생활 인프라·주거,0.25,education_access_supply,교육시설 접근·공급,18.902439,0,,monitor,medium_low
21090710,해운대구,반여4동,living_services_settlement,생활 인프라·주거,0.25,education_access_supply,교육시설 접근·공급,18.853658,0,,monitor,medium_low
21060520,동래구,복산동,living_services_settlement,생활 인프라·주거,0.25,education_access_supply,교육시설 접근·공급,17.512195000000002,0,,monitor,medium_low
21070560,남구,대연6동,living_services_settlement,생활 인프라·주거,0.25,education_access_supply,교육시설 접근·공급,17.45122,0,,monitor,medium_low
21060650,동래구,명륜동,living_services_settlement,생활 인프라·주거,0.25,education_access_supply,교육시설 접근·공급,16.365854000000002,0,,monitor,medium_low
21060510,동래구,수민동,living_services_settlement,생활 인프라·주거,0.25,education_access_supply,교육시설 접근·공급,16.073171,0,,monitor,medium_low
21110580,금정구,부곡2동,living_services_settlement,생활 인프라·주거,0.25,education_access_supply,교육시설 접근·공급,15.036585,0,,monitor,medium_low
21060620,동래구,안락2동,living_services_settlement,생활 인프라·주거,0.25,education_access_supply,교육시설 접근·공급,13.048781,0,,monitor,medium_low
21130510,연제구,거제1동,living_services_settlement,생활 인프라·주거,0.25,education_access_supply,교육시설 접근·공급,11.536585,0,,monitor,medium_low
21060630,동래구,명장1동,living_services_settlement,생활 인프라·주거,0.25,education_access_supply,교육시설 접근·공급,8.463415,0,,monitor,medium_low
21050830,부산진구,전포1동,living_services_settlement,생활 인프라·주거,0.25,education_access_supply,교육시설 접근·공급,8.073171,0,,monitor,medium_low
21060640,동래구,명장2동,living_services_settlement,생활 인프라·주거,0.25,education_access_supply,교육시설 접근·공급,7.8048779999999995,0,,monitor,medium_low
21120530,강서구,강동동,living_services_settlement,생활 인프라·주거,0.25,healthcare_supply,의료공급 접근,97.902439,3,소지역 보정 병원 공급량|소지역 보정 의원 공급량|소지역 보정 약국 공급량,candidate_after_validation,medium_low
21090710,해운대구,반여4동,living_services_settlement,생활 인프라·주거,0.25,healthcare_supply,의료공급 접근,96.92683,3,소지역 보정 병원 공급량|소지역 보정 의원 공급량|소지역 보정 약국 공급량,candidate_after_validation,medium_low
21090680,해운대구,좌3동,living_services_settlement,생활 인프라·주거,0.25,healthcare_supply,의료공급 접근,96.195121,3,소지역 보정 병원 공급량|소지역 보정 의원 공급량|소지역 보정 약국 공급량,candidate_after_validation,medium_low
21050660,부산진구,부암3동,living_services_settlement,생활 인프라·주거,0.25,healthcare_supply,의료공급 접근,95.658536,3,소지역 보정 병원 공급량|소지역 보정 의원 공급량|소지역 보정 약국 공급량,candidate_after_validation,medium_low
21050720,부산진구,가야2동,living_services_settlement,생활 인프라·주거,0.25,healthcare_supply,의료공급 접근,95.560976,3,소지역 보정 병원 공급량|소지역 보정 의원 공급량|소지역 보정 약국 공급량,candidate_after_validation,medium_low
21080550,북구,화명1동,living_services_settlement,생활 인프라·주거,0.25,healthcare_supply,의료공급 접근,94.341464,3,소지역 보정 병원 공급량|소지역 보정 의원 공급량|소지역 보정 약국 공급량,candidate_after_validation,medium_low
21150600,사상구,주례1동,living_services_settlement,생활 인프라·주거,0.25,healthcare_supply,의료공급 접근,94.195121,3,소지역 보정 병원 공급량|소지역 보정 의원 공급량|소지역 보정 약국 공급량,candidate_after_validation,medium_low
21080580,북구,덕천3동,living_services_settlement,생활 인프라·주거,0.25,healthcare_supply,의료공급 접근,91.609756,3,소지역 보정 병원 공급량|소지역 보정 의원 공급량|소지역 보정 약국 공급량,candidate_after_validation,medium_low
21140520,수영구,남천2동,living_services_settlement,생활 인프라·주거,0.25,healthcare_supply,의료공급 접근,91.512195,3,소지역 보정 병원 공급량|소지역 보정 의원 공급량|소지역 보정 약국 공급량,candidate_after_validation,medium_low
21030680,동구,범일5동,living_services_settlement,생활 인프라·주거,0.25,healthcare_supply,의료공급 접근,90.585366,3,소지역 보정 병원 공급량|소지역 보정 의원 공급량|소지역 보정 약국 공급량,candidate_after_validation,medium_low
21070620,남구,감만1동,living_services_settlement,생활 인프라·주거,0.25,healthcare_supply,의료공급 접근,90.292683,3,소지역 보정 병원 공급량|소지역 보정 의원 공급량|소지역 보정 약국 공급량,candidate_after_validation,medium_low
21050760,부산진구,개금3동,living_services_settlement,생활 인프라·주거,0.25,healthcare_supply,의료공급 접근,88.04878,3,소지역 보정 병원 공급량|소지역 보정 의원 공급량|소지역 보정 약국 공급량,candidate_after_validation,medium_low
21060590,동래구,사직2동,living_services_settlement,생활 인프라·주거,0.25,healthcare_supply,의료공급 접근,87.414634,3,소지역 보정 병원 공급량|소지역 보정 의원 공급량|소지역 보정 약국 공급량,candidate_after_validation,medium_low
21120562,강서구,신호동,living_services_settlement,생활 인프라·주거,0.25,healthcare_supply,의료공급 접근,86.585365,3,소지역 보정 병원 공급량|소지역 보정 의원 공급량|소지역 보정 약국 공급량,candidate_after_validation,medium_low
21100520,사하구,괴정2동,living_services_settlement,생활 인프라·주거,0.25,healthcare_supply,의료공급 접근,86.341464,2,소지역 보정 의원 공급량|소지역 보정 약국 공급량,candidate_after_validation,medium_low
21080610,북구,만덕3동,living_services_settlement,생활 인프라·주거,0.25,healthcare_supply,의료공급 접근,84.390244,2,소지역 보정 의원 공급량|소지역 보정 약국 공급량,candidate_after_validation,medium_low
21080540,북구,금곡동,living_services_settlement,생활 인프라·주거,0.25,healthcare_supply,의료공급 접근,84.341463,2,소지역 보정 의원 공급량|소지역 보정 약국 공급량,candidate_after_validation,medium_low
21100540,사하구,괴정4동,living_services_settlement,생활 인프라·주거,0.25,healthcare_supply,의료공급 접근,83.95122,2,소지역 보정 의원 공급량|소지역 보정 약국 공급량,candidate_after_validation,medium_low
21070580,남구,용호2동,living_services_settlement,생활 인프라·주거,0.25,healthcare_supply,의료공급 접근,82.536585,2,소지역 보정 병원 공급량|소지역 보정 의원 공급량,candidate_after_validation,medium_low
21100640,사하구,구평동,living_services_settlement,생활 인프라·주거,0.25,healthcare_supply,의료공급 접근,82.24390299999999,2,소지역 보정 의원 공급량|소지역 보정 약국 공급량,candidate_after_validation,medium_low
21040690,영도구,봉래2동,living_services_settlement,생활 인프라·주거,0.25,healthcare_supply,의료공급 접근,82.195122,3,소지역 보정 병원 공급량|소지역 보정 의원 공급량|소지역 보정 약국 공급량,candidate_after_validation,medium_low
21050680,부산진구,당감2동,living_services_settlement,생활 인프라·주거,0.25,healthcare_supply,의료공급 접근,81.707317,2,소지역 보정 의원 공급량|소지역 보정 약국 공급량,candidate_after_validation,medium_low
21010600,중구,영주2동,living_services_settlement,생활 인프라·주거,0.25,healthcare_supply,의료공급 접근,81.365853,3,소지역 보정 병원 공급량|소지역 보정 의원 공급량|소지역 보정 약국 공급량,candidate_after_validation,medium_low
21080620,북구,화명2동,living_services_settlement,생활 인프라·주거,0.25,healthcare_supply,의료공급 접근,81.365853,3,소지역 보정 병원 공급량|소지역 보정 의원 공급량|소지역 보정 약국 공급량,candidate_after_validation,medium_low
21130540,연제구,거제4동,living_services_settlement,생활 인프라·주거,0.25,healthcare_supply,의료공급 접근,81.21951200000001,2,소지역 보정 의원 공급량|소지역 보정 약국 공급량,candidate_after_validation,medium_low
21090560,해운대구,송정동,living_services_settlement,생활 인프라·주거,0.25,healthcare_supply,의료공급 접근,81.073171,3,소지역 보정 병원 공급량|소지역 보정 의원 공급량|소지역 보정 약국 공급량,candidate_after_validation,medium_low
21120561,강서구,녹산동,living_services_settlement,생활 인프라·주거,0.25,healthcare_supply,의료공급 접근,81.02439100000001,2,소지역 보정 의원 공급량|소지역 보정 약국 공급량,candidate_after_validation,medium_low
21040670,영도구,동삼3동,living_services_settlement,생활 인프라·주거,0.25,healthcare_supply,의료공급 접근,80.536586,3,소지역 보정 병원 공급량|소지역 보정 의원 공급량|소지역 보정 약국 공급량,candidate_after_validation,medium_low
21050640,부산진구,부암1동,living_services_settlement,생활 인프라·주거,0.25,healthcare_supply,의료공급 접근,79.95121999999999,2,소지역 보정 의원 공급량|소지역 보정 약국 공급량,candidate_after_validation,medium_low
21030560,동구,수정1동,living_services_settlement,생활 인프라·주거,0.25,healthcare_supply,의료공급 접근,79.317074,2,소지역 보정 의원 공급량|소지역 보정 약국 공급량,candidate_after_validation,medium_low
21150610,사상구,주례2동,living_services_settlement,생활 인프라·주거,0.25,healthcare_supply,의료공급 접근,79.17073099999999,2,소지역 보정 의원 공급량|소지역 보정 약국 공급량,candidate_after_validation,medium_low
21030600,동구,수정5동,living_services_settlement,생활 인프라·주거,0.25,healthcare_supply,의료공급 접근,79.073171,2,소지역 보정 의원 공급량|소지역 보정 약국 공급량,candidate_after_validation,medium_low
21140540,수영구,망미1동,living_services_settlement,생활 인프라·주거,0.25,healthcare_supply,의료공급 접근,78.536585,3,소지역 보정 병원 공급량|소지역 보정 의원 공급량|소지역 보정 약국 공급량,candidate_after_validation,medium_low
21050840,부산진구,범천2동,living_services_settlement,생활 인프라·주거,0.25,healthcare_supply,의료공급 접근,78.29268300000001,2,소지역 보정 의원 공급량|소지역 보정 약국 공급량,candidate_after_validation,medium_low
21080530,북구,구포3동,living_services_settlement,생활 인프라·주거,0.25,healthcare_supply,의료공급 접근,78.292682,2,소지역 보정 병원 공급량|소지역 보정 의원 공급량,candidate_after_validation,medium_low
21130510,연제구,거제1동,living_services_settlement,생활 인프라·주거,0.25,healthcare_supply,의료공급 접근,77.902439,2,소지역 보정 의원 공급량|소지역 보정 약국 공급량,candidate_after_validation,medium_low
21510130,기장군,정관읍,living_services_settlement,생활 인프라·주거,0.25,healthcare_supply,의료공급 접근,77.51219499999999,3,소지역 보정 병원 공급량|소지역 보정 의원 공급량|소지역 보정 약국 공급량,candidate_after_validation,medium_low
21020630,서구,초장동,living_services_settlement,생활 인프라·주거,0.25,healthcare_supply,의료공급 접근,77.219513,2,소지역 보정 의원 공급량|소지역 보정 약국 공급량,candidate_after_validation,medium_low
21030550,동구,초량6동,living_services_settlement,생활 인프라·주거,0.25,healthcare_supply,의료공급 접근,76.04878,3,소지역 보정 병원 공급량|소지역 보정 의원 공급량|소지역 보정 약국 공급량,candidate_after_validation,medium_low
21110670,금정구,청룡노포동,living_services_settlement,생활 인프라·주거,0.25,healthcare_supply,의료공급 접근,75.75609800000001,2,소지역 보정 의원 공급량|소지역 보정 약국 공급량,candidate_after_validation,medium_low
21040660,영도구,동삼2동,living_services_settlement,생활 인프라·주거,0.25,healthcare_supply,의료공급 접근,75.51219499999999,2,소지역 보정 의원 공급량|소지역 보정 약국 공급량,candidate_after_validation,medium_low
21050610,부산진구,전포2동,living_services_settlement,생활 인프라·주거,0.25,healthcare_supply,의료공급 접근,75.219512,2,소지역 보정 병원 공급량|소지역 보정 약국 공급량,candidate_after_validation,medium_low
21040630,영도구,청학1동,living_services_settlement,생활 인프라·주거,0.25,healthcare_supply,의료공급 접근,73.317073,2,소지역 보정 병원 공급량|소지역 보정 약국 공급량,candidate_after_validation,medium_low
21070660,남구,문현1동,living_services_settlement,생활 인프라·주거,0.25,healthcare_supply,의료공급 접근,72.92683,2,소지역 보정 병원 공급량|소지역 보정 약국 공급량,candidate_after_validation,medium_low
21090690,해운대구,좌4동,living_services_settlement,생활 인프라·주거,0.25,healthcare_supply,의료공급 접근,72.926829,2,소지역 보정 병원 공급량|소지역 보정 의원 공급량,candidate_after_validation,medium_low
21080520,북구,구포2동,living_services_settlement,생활 인프라·주거,0.25,healthcare_supply,의료공급 접근,72.878049,2,소지역 보정 의원 공급량|소지역 보정 약국 공급량,candidate_after_validation,medium_low
21150540,사상구,모라3동,living_services_settlement,생활 인프라·주거,0.25,healthcare_supply,의료공급 접근,72.439024,2,소지역 보정 의원 공급량|소지역 보정 약국 공급량,candidate_after_validation,medium_low
21090540,해운대구,중2동,living_services_settlement,생활 인프라·주거,0.25,healthcare_supply,의료공급 접근,71.609756,2,소지역 보정 의원 공급량|소지역 보정 약국 공급량,candidate_after_validation,medium_low
21070610,남구,용당동,living_services_settlement,생활 인프라·주거,0.25,healthcare_supply,의료공급 접근,71.365854,2,소지역 보정 의원 공급량|소지역 보정 약국 공급량,candidate_after_validation,medium_low
21510111,기장군,일광읍,living_services_settlement,생활 인프라·주거,0.25,healthcare_supply,의료공급 접근,71.02439100000001,1,소지역 보정 약국 공급량,candidate_after_validation,medium_low
21140550,수영구,망미2동,living_services_settlement,생활 인프라·주거,0.25,healthcare_supply,의료공급 접근,71.02439000000001,1,소지역 보정 병원 공급량,candidate_after_validation,medium_low
21140600,수영구,민락동,living_services_settlement,생활 인프라·주거,0.25,healthcare_supply,의료공급 접근,70.926829,2,소지역 보정 병원 공급량|소지역 보정 의원 공급량,candidate_after_validation,medium_low
21040680,영도구,신선동,living_services_settlement,생활 인프라·주거,0.25,healthcare_supply,의료공급 접근,70.243902,2,소지역 보정 병원 공급량|소지역 보정 의원 공급량,candidate_after_validation,medium_low
21120600,강서구,명지2동,living_services_settlement,생활 인프라·주거,0.25,healthcare_supply,의료공급 접근,69.90244,2,소지역 보정 의원 공급량|소지역 보정 약국 공급량,monitor,medium_low
21080590,북구,만덕1동,living_services_settlement,생활 인프라·주거,0.25,healthcare_supply,의료공급 접근,69.658537,2,소지역 보정 의원 공급량|소지역 보정 약국 공급량,monitor,medium_low
21050550,부산진구,초읍동,living_services_settlement,생활 인프라·주거,0.25,healthcare_supply,의료공급 접근,68.926829,2,소지역 보정 병원 공급량|소지역 보정 약국 공급량,monitor,medium_low
21070540,남구,대연4동,living_services_settlement,생활 인프라·주거,0.25,healthcare_supply,의료공급 접근,68.536585,1,소지역 보정 의원 공급량,monitor,medium_low
21060640,동래구,명장2동,living_services_settlement,생활 인프라·주거,0.25,healthcare_supply,의료공급 접근,68.097561,2,소지역 보정 병원 공급량|소지역 보정 약국 공급량,monitor,medium_low
21040550,영도구,영선2동,living_services_settlement,생활 인프라·주거,0.25,healthcare_supply,의료공급 접근,67.804878,1,소지역 보정 병원 공급량,monitor,medium_low
21130620,연제구,연산8동,living_services_settlement,생활 인프라·주거,0.25,healthcare_supply,의료공급 접근,67.70731699999999,2,소지역 보정 의원 공급량|소지역 보정 약국 공급량,monitor,medium_low
21110610,금정구,장전1동,living_services_settlement,생활 인프라·주거,0.25,healthcare_supply,의료공급 접근,66.926829,1,소지역 보정 병원 공급량,monitor,medium_low
21100630,사하구,다대2동,living_services_settlement,생활 인프라·주거,0.25,healthcare_supply,의료공급 접근,66.536585,1,소지역 보정 병원 공급량,monitor,medium_low
21150520,사상구,모라1동,living_services_settlement,생활 인프라·주거,0.25,healthcare_supply,의료공급 접근,66.439024,2,소지역 보정 병원 공급량|소지역 보정 약국 공급량,monitor,medium_low
21100580,사하구,신평1동,living_services_settlement,생활 인프라·주거,0.25,healthcare_supply,의료공급 접근,65.02439100000001,1,소지역 보정 의원 공급량,monitor,medium_low
21050830,부산진구,전포1동,living_services_settlement,생활 인프라·주거,0.25,healthcare_supply,의료공급 접근,65.02439000000001,1,소지역 보정 약국 공급량,monitor,medium_low
21510330,기장군,철마면,living_services_settlement,생활 인프라·주거,0.25,healthcare_supply,의료공급 접근,64.439025,1,소지역 보정 병원 공급량,monitor,medium_low
21010540,중구,보수동,living_services_settlement,생활 인프라·주거,0.25,healthcare_supply,의료공급 접근,63.073171,1,소지역 보정 병원 공급량,monitor,medium_low
21140560,수영구,광안1동,living_services_settlement,생활 인프라·주거,0.25,healthcare_supply,의료공급 접근,62.878049000000004,1,소지역 보정 병원 공급량,monitor,medium_low
21120590,강서구,명지1동,living_services_settlement,생활 인프라·주거,0.25,healthcare_supply,의료공급 접근,62.195122,0,,monitor,medium_low
21020680,서구,암남동,living_services_settlement,생활 인프라·주거,0.25,healthcare_supply,의료공급 접근,62.097561,1,소지역 보정 의원 공급량,monitor,medium_low
21090650,해운대구,재송2동,living_services_settlement,생활 인프라·주거,0.25,healthcare_supply,의료공급 접근,60.87804800000001,1,소지역 보정 의원 공급량,monitor,medium_low
21040640,영도구,청학2동,living_services_settlement,생활 인프라·주거,0.25,healthcare_supply,의료공급 접근,60.68292699999999,1,소지역 보정 의원 공급량,monitor,medium_low
21120580,강서구,가덕도동,living_services_settlement,생활 인프라·주거,0.25,healthcare_supply,의료공급 접근,60.634147000000006,1,소지역 보정 약국 공급량,monitor,medium_low
21080600,북구,만덕2동,living_services_settlement,생활 인프라·주거,0.25,healthcare_supply,의료공급 접근,59.268293,1,소지역 보정 병원 공급량,monitor,medium_low
21090590,해운대구,반여3동,living_services_settlement,생활 인프라·주거,0.25,healthcare_supply,의료공급 접근,59.219512,1,소지역 보정 병원 공급량,monitor,medium_low
21100600,사하구,장림1동,living_services_settlement,생활 인프라·주거,0.25,healthcare_supply,의료공급 접근,58.926829,0,,monitor,medium_low
21150640,사상구,엄궁동,living_services_settlement,생활 인프라·주거,0.25,healthcare_supply,의료공급 접근,58.926829,1,소지역 보정 약국 공급량,monitor,medium_low
21100570,사하구,하단2동,living_services_settlement,생활 인프라·주거,0.25,healthcare_supply,의료공급 접근,58.829268,1,소지역 보정 약국 공급량,monitor,medium_low
21150560,사상구,덕포2동,living_services_settlement,생활 인프라·주거,0.25,healthcare_supply,의료공급 접근,58.731707,1,소지역 보정 의원 공급량,monitor,medium_low
21100590,사하구,신평2동,living_services_settlement,생활 인프라·주거,0.25,healthcare_supply,의료공급 접근,57.902439,0,,monitor,medium_low
21150510,사상구,삼락동,living_services_settlement,생활 인프라·주거,0.25,healthcare_supply,의료공급 접근,57.707317,2,소지역 보정 의원 공급량|소지역 보정 약국 공급량,monitor,medium_low
21060620,동래구,안락2동,living_services_settlement,생활 인프라·주거,0.25,healthcare_supply,의료공급 접근,57.463415000000005,0,,monitor,medium_low
21130570,연제구,연산3동,living_services_settlement,생활 인프라·주거,0.25,healthcare_supply,의료공급 접근,57.463415,1,소지역 보정 병원 공급량,monitor,medium_low
21090750,해운대구,우3동,living_services_settlement,생활 인프라·주거,0.25,healthcare_supply,의료공급 접근,57.317073,2,소지역 보정 병원 공급량|소지역 보정 약국 공급량,monitor,medium_low
21100650,사하구,감천1동,living_services_settlement,생활 인프라·주거,0.25,healthcare_supply,의료공급 접근,57.317073,1,소지역 보정 의원 공급량,monitor,medium_low
21020690,서구,남부민2동,living_services_settlement,생활 인프라·주거,0.25,healthcare_supply,의료공급 접근,57.268292,1,소지역 보정 병원 공급량,monitor,medium_low
21070560,남구,대연6동,living_services_settlement,생활 인프라·주거,0.25,healthcare_supply,의료공급 접근,56.975609,1,소지역 보정 약국 공급량,monitor,medium_low
21130520,연제구,거제2동,living_services_settlement,생활 인프라·주거,0.25,healthcare_supply,의료공급 접근,56.292683,0,,monitor,medium_low
21020510,서구,동대신1동,living_services_settlement,생활 인프라·주거,0.25,healthcare_supply,의료공급 접근,55.804877999999995,1,소지역 보정 병원 공급량,monitor,medium_low
21040650,영도구,동삼1동,living_services_settlement,생활 인프라·주거,0.25,healthcare_supply,의료공급 접근,55.707317,0,,monitor,medium_low
21120520,강서구,대저2동,living_services_settlement,생활 인프라·주거,0.25,healthcare_supply,의료공급 접근,55.560976,1,소지역 보정 병원 공급량,monitor,medium_low
21110600,금정구,부곡4동,living_services_settlement,생활 인프라·주거,0.25,healthcare_supply,의료공급 접근,55.365853,1,소지역 보정 약국 공급량,monitor,medium_low
21030700,동구,좌천동,living_services_settlement,생활 인프라·주거,0.25,healthcare_supply,의료공급 접근,55.219511999999995,1,소지역 보정 의원 공급량,monitor,medium_low
21020570,서구,서대신4동,living_services_settlement,생활 인프라·주거,0.25,healthcare_supply,의료공급 접근,55.02439,1,소지역 보정 의원 공급량,monitor,medium_low
21050540,부산진구,연지동,living_services_settlement,생활 인프라·주거,0.25,healthcare_supply,의료공급 접근,54.780488000000005,1,소지역 보정 병원 공급량,monitor,medium_low
21120550,강서구,가락동,living_services_settlement,생활 인프라·주거,0.25,healthcare_supply,의료공급 접근,54.146341,0,,monitor,medium_low
21070680,남구,문현3동,living_services_settlement,생활 인프라·주거,0.25,healthcare_supply,의료공급 접근,53.609755,1,소지역 보정 병원 공급량,monitor,medium_low
21070530,남구,대연3동,living_services_settlement,생활 인프라·주거,0.25,healthcare_supply,의료공급 접근,53.024391,2,소지역 보정 병원 공급량|소지역 보정 약국 공급량,monitor,medium_low
21070690,남구,문현4동,living_services_settlement,생활 인프라·주거,0.25,healthcare_supply,의료공급 접근,53.024391,1,소지역 보정 병원 공급량,monitor,medium_low
21110510,금정구,서1동,living_services_settlement,생활 인프라·주거,0.25,healthcare_supply,의료공급 접근,52.97561,1,소지역 보정 의원 공급량,monitor,medium_low
21030590,동구,수정4동,living_services_settlement,생활 인프라·주거,0.25,healthcare_supply,의료공급 접근,51.365854,0,,monitor,medium_low
21110720,금정구,서3동,living_services_settlement,생활 인프라·주거,0.25,healthcare_supply,의료공급 접근,50.829269000000004,0,,monitor,medium_low
21110640,금정구,선두구동,living_services_settlement,생활 인프라·주거,0.25,healthcare_supply,의료공급 접근,50.731707,0,,monitor,medium_low
21120510,강서구,대저1동,living_services_settlement,생활 인프라·주거,0.25,healthcare_supply,의료공급 접근,50.439024,1,소지역 보정 병원 공급량,monitor,medium_low
21070670,남구,문현2동,living_services_settlement,생활 인프라·주거,0.25,healthcare_supply,의료공급 접근,50.243903,0,,monitor,medium_low
21060600,동래구,사직3동,living_services_settlement,생활 인프라·주거,0.25,healthcare_supply,의료공급 접근,50.243902999999996,0,,monitor,medium_low
21060630,동래구,명장1동,living_services_settlement,생활 인프라·주거,0.25,healthcare_supply,의료공급 접근,50.243902,0,,monitor,medium_low
21100660,사하구,감천2동,living_services_settlement,생활 인프라·주거,0.25,healthcare_supply,의료공급 접근,49.707316999999996,0,,monitor,medium_low
21510120,기장군,장안읍,living_services_settlement,생활 인프라·주거,0.25,healthcare_supply,의료공급 접근,49.268292,0,,monitor,medium_low
21020590,서구,부민동,living_services_settlement,생활 인프라·주거,0.25,healthcare_supply,의료공급 접근,48.097561,0,,monitor,medium_low
21110700,금정구,구서2동,living_services_settlement,생활 인프라·주거,0.25,healthcare_supply,의료공급 접근,48.04878,0,,monitor,medium_low
21030530,동구,초량3동,living_services_settlement,생활 인프라·주거,0.25,healthcare_supply,의료공급 접근,47.317073,0,,monitor,medium_low
21150630,사상구,학장동,living_services_settlement,생활 인프라·주거,0.25,healthcare_supply,의료공급 접근,47.317073,0,,monitor,medium_low
21060520,동래구,복산동,living_services_settlement,생활 인프라·주거,0.25,healthcare_supply,의료공급 접근,47.219511999999995,1,소지역 보정 병원 공급량,monitor,medium_low
21070630,남구,감만2동,living_services_settlement,생활 인프라·주거,0.25,healthcare_supply,의료공급 접근,46.87805,0,,monitor,medium_low
21070710,남구,우암동,living_services_settlement,생활 인프라·주거,0.25,healthcare_supply,의료공급 접근,46.487804,0,,monitor,medium_low
21150550,사상구,덕포1동,living_services_settlement,생활 인프라·주거,0.25,healthcare_supply,의료공급 접근,46.390243999999996,0,,monitor,medium_low
21090640,해운대구,재송1동,living_services_settlement,생활 인프라·주거,0.25,healthcare_supply,의료공급 접근,46.341463000000005,0,,monitor,medium_low
21020650,서구,남부민1동,living_services_settlement,생활 인프라·주거,0.25,healthcare_supply,의료공급 접근,46.097561,0,,monitor,medium_low
21070570,남구,용호1동,living_services_settlement,생활 인프라·주거,0.25,healthcare_supply,의료공급 접근,45.804878,1,소지역 보정 병원 공급량,monitor,medium_low
21090620,해운대구,반송2동,living_services_settlement,생활 인프라·주거,0.25,healthcare_supply,의료공급 접근,45.804877999999995,1,소지역 보정 병원 공급량,monitor,medium_low
21130560,연제구,연산2동,living_services_settlement,생활 인프라·주거,0.25,healthcare_supply,의료공급 접근,44.731707,1,소지역 보정 병원 공급량,monitor,medium_low
21010590,중구,영주1동,living_services_settlement,생활 인프라·주거,0.25,healthcare_supply,의료공급 접근,44.585366,0,,monitor,medium_low
21100620,사하구,다대1동,living_services_settlement,생활 인프라·주거,0.25,healthcare_supply,의료공급 접근,44.536585,0,,monitor,medium_low
21030510,동구,초량1동,living_services_settlement,생활 인프라·주거,0.25,healthcare_supply,의료공급 접근,44.097561,0,,monitor,medium_low
21130550,연제구,연산1동,living_services_settlement,생활 인프라·주거,0.25,healthcare_supply,의료공급 접근,44.0,0,,monitor,medium_low
21050810,부산진구,가야1동,living_services_settlement,생활 인프라·주거,0.25,healthcare_supply,의료공급 접근,43.707316999999996,0,,monitor,medium_low
21090700,해운대구,반여1동,living_services_settlement,생활 인프라·주거,0.25,healthcare_supply,의료공급 접근,43.609757,0,,monitor,medium_low
21130630,연제구,연산9동,living_services_settlement,생활 인프라·주거,0.25,healthcare_supply,의료공급 접근,42.048781,0,,monitor,medium_low
21110680,금정구,남산동,living_services_settlement,생활 인프라·주거,0.25,healthcare_supply,의료공급 접근,41.414634,0,,monitor,medium_low
21130530,연제구,거제3동,living_services_settlement,생활 인프라·주거,0.25,healthcare_supply,의료공급 접근,40.829268,1,소지역 보정 병원 공급량,monitor,medium_low
21140570,수영구,광안2동,living_services_settlement,생활 인프라·주거,0.25,healthcare_supply,의료공급 접근,40.829268,0,,monitor,medium_low
21050570,부산진구,양정2동,living_services_settlement,생활 인프라·주거,0.25,healthcare_supply,의료공급 접근,40.292683,0,,monitor,medium_low
21020530,서구,동대신3동,living_services_settlement,생활 인프라·주거,0.25,healthcare_supply,의료공급 접근,40.048781000000005,0,,monitor,medium_low
21020560,서구,서대신3동,living_services_settlement,생활 인프라·주거,0.25,healthcare_supply,의료공급 접근,40.04878,1,소지역 보정 병원 공급량,monitor,medium_low
21050800,부산진구,당감1동,living_services_settlement,생활 인프라·주거,0.25,healthcare_supply,의료공급 접근,39.121951,1,소지역 보정 병원 공급량,monitor,medium_low
21110580,금정구,부곡2동,living_services_settlement,생활 인프라·주거,0.25,healthcare_supply,의료공급 접근,38.487804999999994,0,,monitor,medium_low
21110710,금정구,금성동,living_services_settlement,생활 인프라·주거,0.25,healthcare_supply,의료공급 접근,38.487804,0,,monitor,medium_low
21020540,서구,서대신1동,living_services_settlement,생활 인프라·주거,0.25,healthcare_supply,의료공급 접근,37.658536999999995,0,,monitor,medium_low
21080510,북구,구포1동,living_services_settlement,생활 인프라·주거,0.25,healthcare_supply,의료공급 접근,37.512194,1,소지역 보정 병원 공급량,monitor,medium_low
21090730,해운대구,우1동,living_services_settlement,생활 인프라·주거,0.25,healthcare_supply,의료공급 접근,37.073171,0,,monitor,medium_low
21050750,부산진구,개금2동,living_services_settlement,생활 인프라·주거,0.25,healthcare_supply,의료공급 접근,36.146342,0,,monitor,medium_low
21510110,기장군,기장읍,living_services_settlement,생활 인프라·주거,0.25,healthcare_supply,의료공급 접근,35.609756,0,,monitor,medium_low
21110570,금정구,부곡1동,living_services_settlement,생활 인프라·주거,0.25,healthcare_supply,의료공급 접근,34.634145999999994,0,,monitor,medium_low
21110730,금정구,금사회동동,living_services_settlement,생활 인프라·주거,0.25,healthcare_supply,의료공급 접근,34.341464,0,,monitor,medium_low
21090720,해운대구,반송1동,living_services_settlement,생활 인프라·주거,0.25,healthcare_supply,의료공급 접근,33.560975,0,,monitor,medium_low
21050700,부산진구,당감4동,living_services_settlement,생활 인프라·주거,0.25,healthcare_supply,의료공급 접근,33.170732,0,,monitor,medium_low
21060560,동래구,온천2동,living_services_settlement,생활 인프라·주거,0.25,healthcare_supply,의료공급 접근,32.97561,0,,monitor,medium_low
21090580,해운대구,반여2동,living_services_settlement,생활 인프라·주거,0.25,healthcare_supply,의료공급 접근,31.609757000000002,1,소지역 보정 병원 공급량,monitor,medium_low
21060650,동래구,명륜동,living_services_settlement,생활 인프라·주거,0.25,healthcare_supply,의료공급 접근,31.463414999999998,0,,monitor,medium_low
21060570,동래구,온천3동,living_services_settlement,생활 인프라·주거,0.25,healthcare_supply,의료공급 접근,31.268294,0,,monitor,medium_low
21050560,부산진구,양정1동,living_services_settlement,생활 인프라·주거,0.25,healthcare_supply,의료공급 접근,31.219513,0,,monitor,medium_low
21130600,연제구,연산6동,living_services_settlement,생활 인프라·주거,0.25,healthcare_supply,의료공급 접근,30.780488,0,,monitor,medium_low
21100610,사하구,장림2동,living_services_settlement,생활 인프라·주거,0.25,healthcare_supply,의료공급 접근,29.999999999999996,0,,monitor,medium_low
21070600,남구,용호4동,living_services_settlement,생활 인프라·주거,0.25,healthcare_supply,의료공급 접근,29.512195000000002,0,,monitor,medium_low
21150650,사상구,감전동,living_services_settlement,생활 인프라·주거,0.25,healthcare_supply,의료공급 접근,29.512193999999997,0,,monitor,medium_low
21150620,사상구,주례3동,living_services_settlement,생활 인프라·주거,0.25,healthcare_supply,의료공급 접근,29.414634,0,,monitor,medium_low
21070550,남구,대연5동,living_services_settlement,생활 인프라·주거,0.25,healthcare_supply,의료공급 접근,28.634146,0,,monitor,medium_low
21100510,사하구,괴정1동,living_services_settlement,생활 인프라·주거,0.25,healthcare_supply,의료공급 접근,28.536586,0,,monitor,medium_low
21110740,금정구,장전2동,living_services_settlement,생활 인프라·주거,0.25,healthcare_supply,의료공급 접근,27.707317,0,,monitor,medium_low
21020520,서구,동대신2동,living_services_settlement,생활 인프라·주거,0.25,healthcare_supply,의료공급 접근,27.512195,0,,monitor,medium_low
21090670,해운대구,좌2동,living_services_settlement,생활 인프라·주거,0.25,healthcare_supply,의료공급 접근,26.975610000000003,0,,monitor,medium_low
21060510,동래구,수민동,living_services_settlement,생활 인프라·주거,0.25,healthcare_supply,의료공급 접근,26.780488,0,,monitor,medium_low
21080560,북구,덕천1동,living_services_settlement,생활 인프라·주거,0.25,healthcare_supply,의료공급 접근,26.341462999999997,0,,monitor,medium_low
21070590,남구,용호3동,living_services_settlement,생활 인프라·주거,0.25,healthcare_supply,의료공급 접근,26.146342,0,,monitor,medium_low
21030710,동구,범일1동,living_services_settlement,생활 인프라·주거,0.25,healthcare_supply,의료공급 접근,25.902439,0,,monitor,medium_low
21080630,북구,화명3동,living_services_settlement,생활 인프라·주거,0.25,healthcare_supply,의료공급 접근,25.512195,0,,monitor,medium_low
21150570,사상구,괘법동,living_services_settlement,생활 인프라·주거,0.25,healthcare_supply,의료공급 접근,25.268292,0,,monitor,medium_low
21110590,금정구,부곡3동,living_services_settlement,생활 인프라·주거,0.25,healthcare_supply,의료공급 접근,25.024390999999998,0,,monitor,medium_low
21110690,금정구,구서1동,living_services_settlement,생활 인프라·주거,0.25,healthcare_supply,의료공급 접근,22.780488,0,,monitor,medium_low
21010560,중구,부평동,living_services_settlement,생활 인프라·주거,0.25,healthcare_supply,의료공급 접근,22.146342,0,,monitor,medium_low
21090530,해운대구,중1동,living_services_settlement,생활 인프라·주거,0.25,healthcare_supply,의료공급 접근,21.317073,0,,monitor,medium_low
21040590,영도구,봉래1동,living_services_settlement,생활 인프라·주거,0.25,healthcare_supply,의료공급 접근,21.121951000000003,0,,monitor,medium_low
21140530,수영구,수영동,living_services_settlement,생활 인프라·주거,0.25,healthcare_supply,의료공급 접근,20.780488000000002,0,,monitor,medium_low
21030570,동구,수정2동,living_services_settlement,생활 인프라·주거,0.25,healthcare_supply,의료공급 접근,20.439025,1,소지역 보정 병원 공급량,monitor,medium_low
21060550,동래구,온천1동,living_services_settlement,생활 인프라·주거,0.25,healthcare_supply,의료공급 접근,20.048780999999998,0,,monitor,medium_low
21090740,해운대구,우2동,living_services_settlement,생활 인프라·주거,0.25,healthcare_supply,의료공급 접근,19.756097,0,,monitor,medium_low
21100560,사하구,하단1동,living_services_settlement,생활 인프라·주거,0.25,healthcare_supply,의료공급 접근,18.292683,0,,monitor,medium_low
21020610,서구,아미동,living_services_settlement,생활 인프라·주거,0.25,healthcare_supply,의료공급 접근,17.707317,0,,monitor,medium_low
21010520,중구,동광동,living_services_settlement,생활 인프라·주거,0.25,healthcare_supply,의료공급 접근,17.609756,0,,monitor,medium_low
21090660,해운대구,좌1동,living_services_settlement,생활 인프라·주거,0.25,healthcare_supply,의료공급 접근,17.219511999999998,0,,monitor,medium_low
21100530,사하구,괴정3동,living_services_settlement,생활 인프라·주거,0.25,healthcare_supply,의료공급 접근,17.121951,0,,monitor,medium_low
21100550,사하구,당리동,living_services_settlement,생활 인프라·주거,0.25,healthcare_supply,의료공급 접근,16.585365000000003,0,,monitor,medium_low
21140590,수영구,광안4동,living_services_settlement,생활 인프라·주거,0.25,healthcare_supply,의료공급 접근,13.414635,0,,monitor,medium_low
21040530,영도구,남항동,living_services_settlement,생활 인프라·주거,0.25,healthcare_supply,의료공급 접근,12.731707,0,,monitor,medium_low
21130580,연제구,연산4동,living_services_settlement,생활 인프라·주거,0.25,healthcare_supply,의료공급 접근,12.731707,0,,monitor,medium_low
21040540,영도구,영선1동,living_services_settlement,생활 인프라·주거,0.25,healthcare_supply,의료공급 접근,12.634147,0,,monitor,medium_low
21010570,중구,광복동,living_services_settlement,생활 인프라·주거,0.25,healthcare_supply,의료공급 접근,12.243903,0,,monitor,medium_low
21050740,부산진구,개금1동,living_services_settlement,생활 인프라·주거,0.25,healthcare_supply,의료공급 접근,11.268293,0,,monitor,medium_low
21010510,중구,중앙동,living_services_settlement,생활 인프라·주거,0.25,healthcare_supply,의료공급 접근,11.268292,0,,monitor,medium_low
21030520,동구,초량2동,living_services_settlement,생활 인프라·주거,0.25,healthcare_supply,의료공급 접근,10.829268,0,,monitor,medium_low
21070700,남구,대연1동,living_services_settlement,생활 인프라·주거,0.25,healthcare_supply,의료공급 접근,10.829267999999999,0,,monitor,medium_low
21010580,중구,남포동,living_services_settlement,생활 인프라·주거,0.25,healthcare_supply,의료공급 접근,10.487805,0,,monitor,medium_low
21110520,금정구,서2동,living_services_settlement,생활 인프라·주거,0.25,healthcare_supply,의료공급 접근,9.658536999999999,0,,monitor,medium_low
21060610,동래구,안락1동,living_services_settlement,생활 인프라·주거,0.25,healthcare_supply,의료공급 접근,9.658536,0,,monitor,medium_low
21140510,수영구,남천1동,living_services_settlement,생활 인프라·주거,0.25,healthcare_supply,의료공급 접근,8.97561,0,,monitor,medium_low
21050770,부산진구,범천1동,living_services_settlement,생활 인프라·주거,0.25,healthcare_supply,의료공급 접근,8.634147,0,,monitor,medium_low
21020640,서구,충무동,living_services_settlement,생활 인프라·주거,0.25,healthcare_supply,의료공급 접근,7.756098000000001,0,,monitor,medium_low
21060580,동래구,사직1동,living_services_settlement,생활 인프라·주거,0.25,healthcare_supply,의료공급 접근,7.707317,0,,monitor,medium_low
21010530,중구,대청동,living_services_settlement,생활 인프라·주거,0.25,healthcare_supply,의료공급 접근,6.097561,0,,monitor,medium_low
21140580,수영구,광안3동,living_services_settlement,생활 인프라·주거,0.25,healthcare_supply,의료공급 접근,4.731707,0,,monitor,medium_low
21130590,연제구,연산5동,living_services_settlement,생활 인프라·주거,0.25,healthcare_supply,의료공급 접근,4.2439029999999995,0,,monitor,medium_low
21030660,동구,범일2동,living_services_settlement,생활 인프라·주거,0.25,healthcare_supply,의료공급 접근,3.3658539999999997,0,,monitor,medium_low
21080570,북구,덕천2동,living_services_settlement,생활 인프라·주거,0.25,healthcare_supply,의료공급 접근,1.463414,0,,monitor,medium_low
21050520,부산진구,부전2동,living_services_settlement,생활 인프라·주거,0.25,healthcare_supply,의료공급 접근,1.121951,0,,monitor,medium_low
21050820,부산진구,부전1동,living_services_settlement,생활 인프라·주거,0.25,healthcare_supply,의료공급 접근,0.731707,0,,monitor,medium_low
21150640,사상구,엄궁동,environment,환경,0.5,heat_response,폭염 대응,91.07317,2,소지역 보정 무더위쉼터 공급량|독거노인 기반 폭염 민감수요 대리,candidate_after_validation,low
21110680,금정구,남산동,environment,환경,0.5,heat_response,폭염 대응,86.0,2,소지역 보정 무더위쉼터 공급량|독거노인 기반 폭염 민감수요 대리,candidate_after_validation,low
21150570,사상구,괘법동,environment,환경,0.5,heat_response,폭염 대응,84.536585,2,소지역 보정 무더위쉼터 공급량|독거노인 기반 폭염 민감수요 대리,candidate_after_validation,low
21150520,사상구,모라1동,environment,환경,0.5,heat_response,폭염 대응,83.512196,2,소지역 보정 무더위쉼터 공급량|독거노인 기반 폭염 민감수요 대리,candidate_after_validation,low
21150610,사상구,주례2동,environment,환경,0.5,heat_response,폭염 대응,81.268293,2,소지역 보정 무더위쉼터 공급량|독거노인 기반 폭염 민감수요 대리,candidate_after_validation,low
21100620,사하구,다대1동,environment,환경,0.5,heat_response,폭염 대응,78.97561,1,소지역 보정 무더위쉼터 공급량,candidate_after_validation,low
21140560,수영구,광안1동,environment,환경,0.5,heat_response,폭염 대응,77.804878,1,소지역 보정 무더위쉼터 공급량,candidate_after_validation,low
21130580,연제구,연산4동,environment,환경,0.5,heat_response,폭염 대응,76.926829,1,소지역 보정 무더위쉼터 공급량,candidate_after_validation,low
21150620,사상구,주례3동,environment,환경,0.5,heat_response,폭염 대응,76.390244,1,독거노인 기반 폭염 민감수요 대리,candidate_after_validation,low
21090730,해운대구,우1동,environment,환경,0.5,heat_response,폭염 대응,74.926829,1,소지역 보정 무더위쉼터 공급량,candidate_after_validation,low
21150630,사상구,학장동,environment,환경,0.5,heat_response,폭염 대응,74.48780500000001,1,독거노인 기반 폭염 민감수요 대리,candidate_after_validation,low
21090540,해운대구,중2동,environment,환경,0.5,heat_response,폭염 대응,74.195122,1,소지역 보정 무더위쉼터 공급량,candidate_after_validation,low
21110600,금정구,부곡4동,environment,환경,0.5,heat_response,폭염 대응,74.097561,1,소지역 보정 무더위쉼터 공급량,candidate_after_validation,low
21110700,금정구,구서2동,environment,환경,0.5,heat_response,폭염 대응,74.0,1,소지역 보정 무더위쉼터 공급량,candidate_after_validation,low
21110580,금정구,부곡2동,environment,환경,0.5,heat_response,폭염 대응,73.512196,1,소지역 보정 무더위쉼터 공급량,candidate_after_validation,low
21110740,금정구,장전2동,environment,환경,0.5,heat_response,폭염 대응,73.463414,1,소지역 보정 무더위쉼터 공급량,candidate_after_validation,low
21060570,동래구,온천3동,environment,환경,0.5,heat_response,폭염 대응,73.21951200000001,1,소지역 보정 무더위쉼터 공급량,candidate_after_validation,low
21140540,수영구,망미1동,environment,환경,0.5,heat_response,폭염 대응,73.121951,1,소지역 보정 무더위쉼터 공급량,candidate_after_validation,low
21020680,서구,암남동,environment,환경,0.5,heat_response,폭염 대응,73.02439000000001,1,소지역 보정 무더위쉼터 공급량,candidate_after_validation,low
21100550,사하구,당리동,environment,환경,0.5,heat_response,폭염 대응,72.58536600000001,1,소지역 보정 무더위쉼터 공급량,candidate_after_validation,low
21090670,해운대구,좌2동,environment,환경,0.5,heat_response,폭염 대응,72.292683,1,소지역 보정 무더위쉼터 공급량,candidate_after_validation,low
21060550,동래구,온천1동,environment,환경,0.5,heat_response,폭염 대응,72.14634199999999,1,소지역 보정 무더위쉼터 공급량,candidate_after_validation,low
21070590,남구,용호3동,environment,환경,0.5,heat_response,폭염 대응,71.95121900000001,1,소지역 보정 무더위쉼터 공급량,candidate_after_validation,low
21020540,서구,서대신1동,environment,환경,0.5,heat_response,폭염 대응,71.902439,1,소지역 보정 무더위쉼터 공급량,candidate_after_validation,low
21130600,연제구,연산6동,environment,환경,0.5,heat_response,폭염 대응,71.902439,2,소지역 보정 무더위쉼터 공급량|독거노인 기반 폭염 민감수요 대리,candidate_after_validation,low
21070570,남구,용호1동,environment,환경,0.5,heat_response,폭염 대응,71.804878,1,소지역 보정 무더위쉼터 공급량,candidate_after_validation,low
21090650,해운대구,재송2동,environment,환경,0.5,heat_response,폭염 대응,71.609756,1,소지역 보정 무더위쉼터 공급량,candidate_after_validation,low
21090750,해운대구,우3동,environment,환경,0.5,heat_response,폭염 대응,71.170732,1,소지역 보정 무더위쉼터 공급량,candidate_after_validation,low
21110720,금정구,서3동,environment,환경,0.5,heat_response,폭염 대응,71.170732,1,독거노인 기반 폭염 민감수요 대리,candidate_after_validation,low
21110690,금정구,구서1동,environment,환경,0.5,heat_response,폭염 대응,71.121951,1,소지역 보정 무더위쉼터 공급량,candidate_after_validation,low
21090690,해운대구,좌4동,environment,환경,0.5,heat_response,폭염 대응,70.731708,1,소지역 보정 무더위쉼터 공급량,candidate_after_validation,low
21090680,해운대구,좌3동,environment,환경,0.5,heat_response,폭염 대응,69.51219499999999,1,소지역 보정 무더위쉼터 공급량,monitor,low
21120590,강서구,명지1동,environment,환경,0.5,heat_response,폭염 대응,69.317073,1,소지역 보정 무더위쉼터 공급량,monitor,low
21060560,동래구,온천2동,environment,환경,0.5,heat_response,폭염 대응,68.97561,1,소지역 보정 무더위쉼터 공급량,monitor,low
21090740,해운대구,우2동,environment,환경,0.5,heat_response,폭염 대응,68.536585,1,소지역 보정 무더위쉼터 공급량,monitor,low
21120600,강서구,명지2동,environment,환경,0.5,heat_response,폭염 대응,68.09756100000001,1,소지역 보정 무더위쉼터 공급량,monitor,low
21100580,사하구,신평1동,environment,환경,0.5,heat_response,폭염 대응,67.951219,1,소지역 보정 무더위쉼터 공급량,monitor,low
21090620,해운대구,반송2동,environment,환경,0.5,heat_response,폭염 대응,67.756098,1,독거노인 기반 폭염 민감수요 대리,monitor,low
21090660,해운대구,좌1동,environment,환경,0.5,heat_response,폭염 대응,67.560976,1,소지역 보정 무더위쉼터 공급량,monitor,low
21040650,영도구,동삼1동,environment,환경,0.5,heat_response,폭염 대응,67.463415,1,소지역 보정 무더위쉼터 공급량,monitor,low
21130560,연제구,연산2동,environment,환경,0.5,heat_response,폭염 대응,67.463415,1,소지역 보정 무더위쉼터 공급량,monitor,low
21100570,사하구,하단2동,environment,환경,0.5,heat_response,폭염 대응,67.268292,1,소지역 보정 무더위쉼터 공급량,monitor,low
21110520,금정구,서2동,environment,환경,0.5,heat_response,폭염 대응,67.07317,1,독거노인 기반 폭염 민감수요 대리,monitor,low
21070580,남구,용호2동,environment,환경,0.5,heat_response,폭염 대응,66.829268,1,소지역 보정 무더위쉼터 공급량,monitor,low
21090560,해운대구,송정동,environment,환경,0.5,heat_response,폭염 대응,66.536586,0,,monitor,low
21090530,해운대구,중1동,environment,환경,0.5,heat_response,폭염 대응,66.439024,1,소지역 보정 무더위쉼터 공급량,monitor,low
21040590,영도구,봉래1동,environment,환경,0.5,heat_response,폭염 대응,66.292683,0,,monitor,low
21140570,수영구,광안2동,environment,환경,0.5,heat_response,폭염 대응,66.292683,1,소지역 보정 무더위쉼터 공급량,monitor,low
21130630,연제구,연산9동,environment,환경,0.5,heat_response,폭염 대응,66.146342,1,소지역 보정 무더위쉼터 공급량,monitor,low
21090640,해운대구,재송1동,environment,환경,0.5,heat_response,폭염 대응,66.097561,1,소지역 보정 무더위쉼터 공급량,monitor,low
21020530,서구,동대신3동,environment,환경,0.5,heat_response,폭염 대응,66.0,0,,monitor,low
21040530,영도구,남항동,environment,환경,0.5,heat_response,폭염 대응,65.707317,1,독거노인 기반 폭염 민감수요 대리,monitor,low
21110570,금정구,부곡1동,environment,환경,0.5,heat_response,폭염 대응,65.365854,1,독거노인 기반 폭염 민감수요 대리,monitor,low
21040690,영도구,봉래2동,environment,환경,0.5,heat_response,폭염 대응,65.170732,0,,monitor,low
21140510,수영구,남천1동,environment,환경,0.5,heat_response,폭염 대응,65.170731,1,소지역 보정 무더위쉼터 공급량,monitor,low
21130530,연제구,거제3동,environment,환경,0.5,heat_response,폭염 대응,64.585365,0,,monitor,low
21100590,사하구,신평2동,environment,환경,0.5,heat_response,폭염 대응,64.48780500000001,1,소지역 보정 무더위쉼터 공급량,monitor,low
21100630,사하구,다대2동,environment,환경,0.5,heat_response,폭염 대응,64.341463,0,,monitor,low
21120562,강서구,신호동,environment,환경,0.5,heat_response,폭염 대응,64.146341,1,소지역 보정 무더위쉼터 공급량,monitor,low
21040670,영도구,동삼3동,environment,환경,0.5,heat_response,폭염 대응,63.609756,1,독거노인 기반 폭염 민감수요 대리,monitor,low
21100600,사하구,장림1동,environment,환경,0.5,heat_response,폭염 대응,63.31707299999999,1,소지역 보정 무더위쉼터 공급량,monitor,low
21120530,강서구,강동동,environment,환경,0.5,heat_response,폭염 대응,63.219512,1,소지역 보정 무더위쉼터 공급량,monitor,low
21140600,수영구,민락동,environment,환경,0.5,heat_response,폭염 대응,63.121952,1,소지역 보정 무더위쉼터 공급량,monitor,low
21100520,사하구,괴정2동,environment,환경,0.5,heat_response,폭염 대응,61.853658,0,,monitor,low
21050660,부산진구,부암3동,environment,환경,0.5,heat_response,폭염 대응,61.804878,1,소지역 보정 무더위쉼터 공급량,monitor,low
21040640,영도구,청학2동,environment,환경,0.5,heat_response,폭염 대응,60.926829,0,,monitor,low
21020560,서구,서대신3동,environment,환경,0.5,heat_response,폭염 대응,60.731707,1,소지역 보정 무더위쉼터 공급량,monitor,low
21020690,서구,남부민2동,environment,환경,0.5,heat_response,폭염 대응,60.536586,1,독거노인 기반 폭염 민감수요 대리,monitor,low
21130590,연제구,연산5동,environment,환경,0.5,heat_response,폭염 대응,60.341464,0,,monitor,low
21090580,해운대구,반여2동,environment,환경,0.5,heat_response,폭염 대응,59.024390000000004,1,독거노인 기반 폭염 민감수요 대리,monitor,low
21110610,금정구,장전1동,environment,환경,0.5,heat_response,폭염 대응,58.92683,1,소지역 보정 무더위쉼터 공급량,monitor,low
21060620,동래구,안락2동,environment,환경,0.5,heat_response,폭염 대응,58.780488,1,소지역 보정 무더위쉼터 공급량,monitor,low
21150560,사상구,덕포2동,environment,환경,0.5,heat_response,폭염 대응,58.487804999999994,1,독거노인 기반 폭염 민감수요 대리,monitor,low
21040550,영도구,영선2동,environment,환경,0.5,heat_response,폭염 대응,58.390243999999996,0,,monitor,low
21130520,연제구,거제2동,environment,환경,0.5,heat_response,폭염 대응,58.14634100000001,1,소지역 보정 무더위쉼터 공급량,monitor,low
21060630,동래구,명장1동,environment,환경,0.5,heat_response,폭염 대응,57.853659,0,,monitor,low
21140520,수영구,남천2동,environment,환경,0.5,heat_response,폭염 대응,57.658537,1,소지역 보정 무더위쉼터 공급량,monitor,low
21100650,사하구,감천1동,environment,환경,0.5,heat_response,폭염 대응,57.609756000000004,0,,monitor,low
21030530,동구,초량3동,environment,환경,0.5,heat_response,폭염 대응,57.219511999999995,1,소지역 보정 무더위쉼터 공급량,monitor,low
21050820,부산진구,부전1동,environment,환경,0.5,heat_response,폭염 대응,57.170732,0,,monitor,low
21150550,사상구,덕포1동,environment,환경,0.5,heat_response,폭염 대응,57.073171,1,독거노인 기반 폭염 민감수요 대리,monitor,low
21090710,해운대구,반여4동,environment,환경,0.5,heat_response,폭염 대응,57.073170999999995,1,소지역 보정 무더위쉼터 공급량,monitor,low
21060590,동래구,사직2동,environment,환경,0.5,heat_response,폭염 대응,57.07317,1,소지역 보정 무더위쉼터 공급량,monitor,low
21100610,사하구,장림2동,environment,환경,0.5,heat_response,폭염 대응,57.02439,0,,monitor,low
21090700,해운대구,반여1동,environment,환경,0.5,heat_response,폭염 대응,56.536585,1,소지역 보정 무더위쉼터 공급량,monitor,low
21140550,수영구,망미2동,environment,환경,0.5,heat_response,폭염 대응,56.243902999999996,0,,monitor,low
21070660,남구,문현1동,environment,환경,0.5,heat_response,폭염 대응,56.146342,0,,monitor,low
21140530,수영구,수영동,environment,환경,0.5,heat_response,폭염 대응,55.609756000000004,1,독거노인 기반 폭염 민감수요 대리,monitor,low
21070700,남구,대연1동,environment,환경,0.5,heat_response,폭염 대응,55.170730999999996,0,,monitor,low
21060510,동래구,수민동,environment,환경,0.5,heat_response,폭염 대응,54.536585,0,,monitor,low
21150650,사상구,감전동,environment,환경,0.5,heat_response,폭염 대응,54.292683,1,독거노인 기반 폭염 민감수요 대리,monitor,low
21050570,부산진구,양정2동,environment,환경,0.5,heat_response,폭염 대응,53.756097999999994,1,소지역 보정 무더위쉼터 공급량,monitor,low
21060640,동래구,명장2동,environment,환경,0.5,heat_response,폭염 대응,53.560976000000004,0,,monitor,low
21070680,남구,문현3동,environment,환경,0.5,heat_response,폭염 대응,52.92683,0,,monitor,low
21130570,연제구,연산3동,environment,환경,0.5,heat_response,폭염 대응,52.243902,0,,monitor,low
21150540,사상구,모라3동,environment,환경,0.5,heat_response,폭염 대응,51.853659,1,독거노인 기반 폭염 민감수요 대리,monitor,low
21070530,남구,대연3동,environment,환경,0.5,heat_response,폭염 대응,51.804878,1,소지역 보정 무더위쉼터 공급량,monitor,low
21040660,영도구,동삼2동,environment,환경,0.5,heat_response,폭염 대응,51.463415,0,,monitor,low
21010560,중구,부평동,environment,환경,0.5,heat_response,폭염 대응,51.365854,1,독거노인 기반 폭염 민감수요 대리,monitor,low
21060650,동래구,명륜동,environment,환경,0.5,heat_response,폭염 대응,51.317074,1,소지역 보정 무더위쉼터 공급량,monitor,low
21040540,영도구,영선1동,environment,환경,0.5,heat_response,폭염 대응,51.121950999999996,0,,monitor,low
21100510,사하구,괴정1동,environment,환경,0.5,heat_response,폭염 대응,50.975609999999996,0,,monitor,low
21020520,서구,동대신2동,environment,환경,0.5,heat_response,폭염 대응,50.829268,1,독거노인 기반 폭염 민감수요 대리,monitor,low
21130620,연제구,연산8동,environment,환경,0.5,heat_response,폭염 대응,50.829268,0,,monitor,low
21020630,서구,초장동,environment,환경,0.5,heat_response,폭염 대응,50.731707,1,독거노인 기반 폭염 민감수요 대리,monitor,low
21050540,부산진구,연지동,environment,환경,0.5,heat_response,폭염 대응,50.682927,0,,monitor,low
21130540,연제구,거제4동,environment,환경,0.5,heat_response,폭염 대응,50.682927,0,,monitor,low
21100530,사하구,괴정3동,environment,환경,0.5,heat_response,폭염 대응,50.634147,1,독거노인 기반 폭염 민감수요 대리,monitor,low
21070550,남구,대연5동,environment,환경,0.5,heat_response,폭염 대응,50.341464,0,,monitor,low
21020610,서구,아미동,environment,환경,0.5,heat_response,폭염 대응,50.243903,1,독거노인 기반 폭염 민감수요 대리,monitor,low
21140580,수영구,광안3동,environment,환경,0.5,heat_response,폭염 대응,49.414634,0,,monitor,low
21050550,부산진구,초읍동,environment,환경,0.5,heat_response,폭염 대응,49.365853,0,,monitor,low
21110730,금정구,금사회동동,environment,환경,0.5,heat_response,폭염 대응,48.829268,1,독거노인 기반 폭염 민감수요 대리,monitor,low
21020510,서구,동대신1동,environment,환경,0.5,heat_response,폭염 대응,48.292683,0,,monitor,low
21150600,사상구,주례1동,environment,환경,0.5,heat_response,폭염 대응,48.292683,1,독거노인 기반 폭염 민감수요 대리,monitor,low
21080510,북구,구포1동,environment,환경,0.5,heat_response,폭염 대응,48.243902000000006,0,,monitor,low
21050810,부산진구,가야1동,environment,환경,0.5,heat_response,폭염 대응,47.853657999999996,0,,monitor,low
21020650,서구,남부민1동,environment,환경,0.5,heat_response,폭염 대응,46.536585,1,독거노인 기반 폭염 민감수요 대리,monitor,low
21050840,부산진구,범천2동,environment,환경,0.5,heat_response,폭염 대응,46.195122000000005,0,,monitor,low
21020590,서구,부민동,environment,환경,0.5,heat_response,폭염 대응,46.097561,0,,monitor,low
21100560,사하구,하단1동,environment,환경,0.5,heat_response,폭염 대응,46.097561,0,,monitor,low
21130550,연제구,연산1동,environment,환경,0.5,heat_response,폭염 대응,46.048781,0,,monitor,low
21150510,사상구,삼락동,environment,환경,0.5,heat_response,폭염 대응,46.048781,1,독거노인 기반 폭염 민감수요 대리,monitor,low
21110590,금정구,부곡3동,environment,환경,0.5,heat_response,폭염 대응,45.463414,0,,monitor,low
21040680,영도구,신선동,environment,환경,0.5,heat_response,폭염 대응,45.02439,1,독거노인 기반 폭염 민감수요 대리,monitor,low
21070670,남구,문현2동,environment,환경,0.5,heat_response,폭염 대응,44.829268,0,,monitor,low
21040630,영도구,청학1동,environment,환경,0.5,heat_response,폭염 대응,44.780488000000005,1,독거노인 기반 폭염 민감수요 대리,monitor,low
21080550,북구,화명1동,environment,환경,0.5,heat_response,폭염 대응,44.341463,0,,monitor,low
21080580,북구,덕천3동,environment,환경,0.5,heat_response,폭염 대응,44.0,1,독거노인 기반 폭염 민감수요 대리,monitor,low
21110670,금정구,청룡노포동,environment,환경,0.5,heat_response,폭염 대응,44.0,0,,monitor,low
21090590,해운대구,반여3동,environment,환경,0.5,heat_response,폭염 대응,42.878049000000004,1,독거노인 기반 폭염 민감수요 대리,monitor,low
21070600,남구,용호4동,environment,환경,0.5,heat_response,폭염 대응,42.878048,0,,monitor,low
21100540,사하구,괴정4동,environment,환경,0.5,heat_response,폭염 대응,42.585366,0,,monitor,low
21120580,강서구,가덕도동,environment,환경,0.5,heat_response,폭염 대응,42.195122,1,독거노인 기반 폭염 민감수요 대리,monitor,low
21020640,서구,충무동,environment,환경,0.5,heat_response,폭염 대응,41.902439,1,독거노인 기반 폭염 민감수요 대리,monitor,low
21130510,연제구,거제1동,environment,환경,0.5,heat_response,폭염 대응,41.756097,0,,monitor,low
21050740,부산진구,개금1동,environment,환경,0.5,heat_response,폭염 대응,41.707318,0,,monitor,low
21510110,기장군,기장읍,environment,환경,0.5,heat_response,폭염 대응,41.512195000000006,0,,monitor,low
21020570,서구,서대신4동,environment,환경,0.5,heat_response,폭염 대응,41.317073,0,,monitor,low
21060600,동래구,사직3동,environment,환경,0.5,heat_response,폭염 대응,41.317073,0,,monitor,low
21050770,부산진구,범천1동,environment,환경,0.5,heat_response,폭염 대응,40.634146,0,,monitor,low
21070620,남구,감만1동,environment,환경,0.5,heat_response,폭염 대응,39.02439,0,,monitor,low
21120510,강서구,대저1동,environment,환경,0.5,heat_response,폭염 대응,38.926829,1,독거노인 기반 폭염 민감수요 대리,monitor,low
21050720,부산진구,가야2동,environment,환경,0.5,heat_response,폭염 대응,38.682927,0,,monitor,low
21090720,해운대구,반송1동,environment,환경,0.5,heat_response,폭염 대응,38.585366,1,독거노인 기반 폭염 민감수요 대리,monitor,low
21010520,중구,동광동,environment,환경,0.5,heat_response,폭염 대응,37.951219,1,독거노인 기반 폭염 민감수요 대리,monitor,low
21050560,부산진구,양정1동,environment,환경,0.5,heat_response,폭염 대응,37.658536999999995,0,,monitor,low
21060520,동래구,복산동,environment,환경,0.5,heat_response,폭염 대응,37.560975,1,독거노인 기반 폭염 민감수요 대리,monitor,low
21060610,동래구,안락1동,environment,환경,0.5,heat_response,폭염 대응,37.365854,0,,monitor,low
21070560,남구,대연6동,environment,환경,0.5,heat_response,폭염 대응,36.97561,0,,monitor,low
21080630,북구,화명3동,environment,환경,0.5,heat_response,폭염 대응,36.487805,0,,monitor,low
21080520,북구,구포2동,environment,환경,0.5,heat_response,폭염 대응,35.414634,0,,monitor,low
21140590,수영구,광안4동,environment,환경,0.5,heat_response,폭염 대응,34.878049000000004,0,,monitor,low
21120550,강서구,가락동,environment,환경,0.5,heat_response,폭염 대응,34.731707,1,독거노인 기반 폭염 민감수요 대리,monitor,low
21060580,동래구,사직1동,environment,환경,0.5,heat_response,폭염 대응,34.536585,0,,monitor,low
21100660,사하구,감천2동,environment,환경,0.5,heat_response,폭염 대응,34.390244,1,독거노인 기반 폭염 민감수요 대리,monitor,low
21070690,남구,문현4동,environment,환경,0.5,heat_response,폭염 대응,34.292683,0,,monitor,low
21110510,금정구,서1동,environment,환경,0.5,heat_response,폭염 대응,33.707317,1,독거노인 기반 폭염 민감수요 대리,monitor,low
21120520,강서구,대저2동,environment,환경,0.5,heat_response,폭염 대응,32.829269000000004,0,,monitor,low
21080540,북구,금곡동,environment,환경,0.5,heat_response,폭염 대응,32.439024,1,독거노인 기반 폭염 민감수요 대리,monitor,low
21050680,부산진구,당감2동,environment,환경,0.5,heat_response,폭염 대응,31.560976,0,,monitor,low
21050610,부산진구,전포2동,environment,환경,0.5,heat_response,폭염 대응,30.585366,0,,monitor,low
21010580,중구,남포동,environment,환경,0.5,heat_response,폭염 대응,30.536586,1,독거노인 기반 폭염 민감수요 대리,monitor,low
21070710,남구,우암동,environment,환경,0.5,heat_response,폭염 대응,30.487805,0,,monitor,low
21030510,동구,초량1동,environment,환경,0.5,heat_response,폭염 대응,30.341464,0,,monitor,low
21010590,중구,영주1동,environment,환경,0.5,heat_response,폭염 대응,30.146341999999997,1,독거노인 기반 폭염 민감수요 대리,monitor,low
21080570,북구,덕천2동,environment,환경,0.5,heat_response,폭염 대응,30.097561,1,독거노인 기반 폭염 민감수요 대리,monitor,low
21100640,사하구,구평동,environment,환경,0.5,heat_response,폭염 대응,30.048780999999998,0,,monitor,low
21010510,중구,중앙동,environment,환경,0.5,heat_response,폭염 대응,29.317073,0,,monitor,low
21030570,동구,수정2동,environment,환경,0.5,heat_response,폭염 대응,28.682927,1,독거노인 기반 폭염 민감수요 대리,monitor,low
21050760,부산진구,개금3동,environment,환경,0.5,heat_response,폭염 대응,28.439024,0,,monitor,low
21030590,동구,수정4동,environment,환경,0.5,heat_response,폭염 대응,28.390243,1,독거노인 기반 폭염 민감수요 대리,monitor,low
21070630,남구,감만2동,environment,환경,0.5,heat_response,폭염 대응,28.146342,1,독거노인 기반 폭염 민감수요 대리,monitor,low
21030550,동구,초량6동,environment,환경,0.5,heat_response,폭염 대응,28.048781,1,독거노인 기반 폭염 민감수요 대리,monitor,low
21080560,북구,덕천1동,environment,환경,0.5,heat_response,폭염 대응,28.0,1,독거노인 기반 폭염 민감수요 대리,monitor,low
21030600,동구,수정5동,environment,환경,0.5,heat_response,폭염 대응,27.902439,1,독거노인 기반 폭염 민감수요 대리,monitor,low
21080610,북구,만덕3동,environment,환경,0.5,heat_response,폭염 대응,27.707317,0,,monitor,low
21080530,북구,구포3동,environment,환경,0.5,heat_response,폭염 대응,27.658537,0,,monitor,low
21030560,동구,수정1동,environment,환경,0.5,heat_response,폭염 대응,27.512195,0,,monitor,low
21010540,중구,보수동,environment,환경,0.5,heat_response,폭염 대응,27.414634,1,독거노인 기반 폭염 민감수요 대리,monitor,low
21030710,동구,범일1동,environment,환경,0.5,heat_response,폭염 대응,26.829269,1,독거노인 기반 폭염 민감수요 대리,monitor,low
21110710,금정구,금성동,environment,환경,0.5,heat_response,폭염 대응,26.829268,1,독거노인 기반 폭염 민감수요 대리,monitor,low
21110640,금정구,선두구동,environment,환경,0.5,heat_response,폭염 대응,26.487804,0,,monitor,low
21050640,부산진구,부암1동,environment,환경,0.5,heat_response,폭염 대응,26.292683,0,,monitor,low
21030520,동구,초량2동,environment,환경,0.5,heat_response,폭염 대응,25.707317,1,독거노인 기반 폭염 민감수요 대리,monitor,low
21050800,부산진구,당감1동,environment,환경,0.5,heat_response,폭염 대응,25.268293,0,,monitor,low
21010600,중구,영주2동,environment,환경,0.5,heat_response,폭염 대응,24.878049,1,독거노인 기반 폭염 민감수요 대리,monitor,low
21070610,남구,용당동,environment,환경,0.5,heat_response,폭염 대응,24.390244,0,,monitor,low
21030700,동구,좌천동,environment,환경,0.5,heat_response,폭염 대응,24.146341999999997,1,독거노인 기반 폭염 민감수요 대리,monitor,low
21010530,중구,대청동,environment,환경,0.5,heat_response,폭염 대응,23.804878,1,독거노인 기반 폭염 민감수요 대리,monitor,low
21510330,기장군,철마면,environment,환경,0.5,heat_response,폭염 대응,23.609756,1,독거노인 기반 폭염 민감수요 대리,monitor,low
21510120,기장군,장안읍,environment,환경,0.5,heat_response,폭염 대응,23.414634,1,독거노인 기반 폭염 민감수요 대리,monitor,low
21050520,부산진구,부전2동,environment,환경,0.5,heat_response,폭염 대응,23.365853,0,,monitor,low
21010570,중구,광복동,environment,환경,0.5,heat_response,폭염 대응,23.170731,0,,monitor,low
21050750,부산진구,개금2동,environment,환경,0.5,heat_response,폭염 대응,22.878048,0,,monitor,low
21120561,강서구,녹산동,environment,환경,0.5,heat_response,폭염 대응,22.829268,0,,monitor,low
21510111,기장군,일광읍,environment,환경,0.5,heat_response,폭염 대응,22.682926000000002,0,,monitor,low
21070540,남구,대연4동,environment,환경,0.5,heat_response,폭염 대응,22.243902,0,,monitor,low
21030680,동구,범일5동,environment,환경,0.5,heat_response,폭염 대응,22.097561,0,,monitor,low
21080620,북구,화명2동,environment,환경,0.5,heat_response,폭염 대응,22.097561,0,,monitor,low
21080590,북구,만덕1동,environment,환경,0.5,heat_response,폭염 대응,22.04878,0,,monitor,low
21080600,북구,만덕2동,environment,환경,0.5,heat_response,폭염 대응,21.02439,0,,monitor,low
21050700,부산진구,당감4동,environment,환경,0.5,heat_response,폭염 대응,20.0,0,,monitor,low
21030660,동구,범일2동,environment,환경,0.5,heat_response,폭염 대응,19.170732,0,,monitor,low
21050830,부산진구,전포1동,environment,환경,0.5,heat_response,폭염 대응,16.634147,0,,monitor,low
21510130,기장군,정관읍,environment,환경,0.5,heat_response,폭염 대응,5.804878,0,,monitor,low
21150540,사상구,모라3동,living_services_settlement,생활 인프라·주거,0.25,housing_condition,주거환경,100.0,1,30년 이상 노후주택 하한 비율,candidate_after_validation,medium_low
21010570,중구,광복동,living_services_settlement,생활 인프라·주거,0.25,housing_condition,주거환경,99.512195,1,30년 이상 노후주택 하한 비율,candidate_after_validation,medium_low
21010580,중구,남포동,living_services_settlement,생활 인프라·주거,0.25,housing_condition,주거환경,99.02439,1,30년 이상 노후주택 하한 비율,candidate_after_validation,medium_low
21150620,사상구,주례3동,living_services_settlement,생활 인프라·주거,0.25,housing_condition,주거환경,98.536585,1,30년 이상 노후주택 하한 비율,candidate_after_validation,medium_low
21100660,사하구,감천2동,living_services_settlement,생활 인프라·주거,0.25,housing_condition,주거환경,98.04878,1,30년 이상 노후주택 하한 비율,candidate_after_validation,medium_low
21040680,영도구,신선동,living_services_settlement,생활 인프라·주거,0.25,housing_condition,주거환경,97.560976,1,30년 이상 노후주택 하한 비율,candidate_after_validation,medium_low
21020630,서구,초장동,living_services_settlement,생활 인프라·주거,0.25,housing_condition,주거환경,97.073171,1,30년 이상 노후주택 하한 비율,candidate_after_validation,medium_low
21030590,동구,수정4동,living_services_settlement,생활 인프라·주거,0.25,housing_condition,주거환경,96.585366,1,30년 이상 노후주택 하한 비율,candidate_after_validation,medium_low
21040670,영도구,동삼3동,living_services_settlement,생활 인프라·주거,0.25,housing_condition,주거환경,96.097561,1,30년 이상 노후주택 하한 비율,candidate_after_validation,medium_low
21110510,금정구,서1동,living_services_settlement,생활 인프라·주거,0.25,housing_condition,주거환경,95.609756,1,30년 이상 노후주택 하한 비율,candidate_after_validation,medium_low
21030520,동구,초량2동,living_services_settlement,생활 인프라·주거,0.25,housing_condition,주거환경,95.121951,1,30년 이상 노후주택 하한 비율,candidate_after_validation,medium_low
21030600,동구,수정5동,living_services_settlement,생활 인프라·주거,0.25,housing_condition,주거환경,94.634146,1,30년 이상 노후주택 하한 비율,candidate_after_validation,medium_low
21110570,금정구,부곡1동,living_services_settlement,생활 인프라·주거,0.25,housing_condition,주거환경,94.146341,1,30년 이상 노후주택 하한 비율,candidate_after_validation,medium_low
21080580,북구,덕천3동,living_services_settlement,생활 인프라·주거,0.25,housing_condition,주거환경,93.658537,1,30년 이상 노후주택 하한 비율,candidate_after_validation,medium_low
21010510,중구,중앙동,living_services_settlement,생활 인프라·주거,0.25,housing_condition,주거환경,93.170732,1,30년 이상 노후주택 하한 비율,candidate_after_validation,medium_low
21050800,부산진구,당감1동,living_services_settlement,생활 인프라·주거,0.25,housing_condition,주거환경,92.682927,1,30년 이상 노후주택 하한 비율,candidate_after_validation,medium_low
21110730,금정구,금사회동동,living_services_settlement,생활 인프라·주거,0.25,housing_condition,주거환경,92.195122,1,30년 이상 노후주택 하한 비율,candidate_after_validation,medium_low
21070590,남구,용호3동,living_services_settlement,생활 인프라·주거,0.25,housing_condition,주거환경,91.707317,1,30년 이상 노후주택 하한 비율,candidate_after_validation,medium_low
21020520,서구,동대신2동,living_services_settlement,생활 인프라·주거,0.25,housing_condition,주거환경,91.219512,1,30년 이상 노후주택 하한 비율,candidate_after_validation,medium_low
21060520,동래구,복산동,living_services_settlement,생활 인프라·주거,0.25,housing_condition,주거환경,90.731707,1,30년 이상 노후주택 하한 비율,candidate_after_validation,medium_low
21010520,중구,동광동,living_services_settlement,생활 인프라·주거,0.25,housing_condition,주거환경,90.243902,1,30년 이상 노후주택 하한 비율,candidate_after_validation,medium_low
21090720,해운대구,반송1동,living_services_settlement,생활 인프라·주거,0.25,housing_condition,주거환경,89.756098,1,30년 이상 노후주택 하한 비율,candidate_after_validation,medium_low
21080610,북구,만덕3동,living_services_settlement,생활 인프라·주거,0.25,housing_condition,주거환경,89.268293,1,30년 이상 노후주택 하한 비율,candidate_after_validation,medium_low
21150520,사상구,모라1동,living_services_settlement,생활 인프라·주거,0.25,housing_condition,주거환경,88.780488,1,30년 이상 노후주택 하한 비율,candidate_after_validation,medium_low
21090650,해운대구,재송2동,living_services_settlement,생활 인프라·주거,0.25,housing_condition,주거환경,88.292683,1,30년 이상 노후주택 하한 비율,candidate_after_validation,medium_low
21060640,동래구,명장2동,living_services_settlement,생활 인프라·주거,0.25,housing_condition,주거환경,87.804878,1,30년 이상 노후주택 하한 비율,candidate_after_validation,medium_low
21110520,금정구,서2동,living_services_settlement,생활 인프라·주거,0.25,housing_condition,주거환경,87.317073,1,30년 이상 노후주택 하한 비율,candidate_after_validation,medium_low
21120550,강서구,가락동,living_services_settlement,생활 인프라·주거,0.25,housing_condition,주거환경,86.829268,1,30년 이상 노후주택 하한 비율,candidate_after_validation,medium_low
21020610,서구,아미동,living_services_settlement,생활 인프라·주거,0.25,housing_condition,주거환경,86.341463,1,30년 이상 노후주택 하한 비율,candidate_after_validation,medium_low
21020650,서구,남부민1동,living_services_settlement,생활 인프라·주거,0.25,housing_condition,주거환경,85.853659,1,30년 이상 노후주택 하한 비율,candidate_after_validation,medium_low
21080570,북구,덕천2동,living_services_settlement,생활 인프라·주거,0.25,housing_condition,주거환경,85.365854,1,30년 이상 노후주택 하한 비율,candidate_after_validation,medium_low
21110720,금정구,서3동,living_services_settlement,생활 인프라·주거,0.25,housing_condition,주거환경,84.878049,1,30년 이상 노후주택 하한 비율,candidate_after_validation,medium_low
21140520,수영구,남천2동,living_services_settlement,생활 인프라·주거,0.25,housing_condition,주거환경,84.390244,1,30년 이상 노후주택 하한 비율,candidate_after_validation,medium_low
21110600,금정구,부곡4동,living_services_settlement,생활 인프라·주거,0.25,housing_condition,주거환경,83.902439,1,30년 이상 노후주택 하한 비율,candidate_after_validation,medium_low
21040590,영도구,봉래1동,living_services_settlement,생활 인프라·주거,0.25,housing_condition,주거환경,83.414634,1,30년 이상 노후주택 하한 비율,candidate_after_validation,medium_low
21030550,동구,초량6동,living_services_settlement,생활 인프라·주거,0.25,housing_condition,주거환경,82.926829,1,30년 이상 노후주택 하한 비율,candidate_after_validation,medium_low
21100580,사하구,신평1동,living_services_settlement,생활 인프라·주거,0.25,housing_condition,주거환경,82.439024,1,30년 이상 노후주택 하한 비율,candidate_after_validation,medium_low
21050750,부산진구,개금2동,living_services_settlement,생활 인프라·주거,0.25,housing_condition,주거환경,81.95122,1,30년 이상 노후주택 하한 비율,candidate_after_validation,medium_low
21040550,영도구,영선2동,living_services_settlement,생활 인프라·주거,0.25,housing_condition,주거환경,81.463415,1,30년 이상 노후주택 하한 비율,candidate_after_validation,medium_low
21040530,영도구,남항동,living_services_settlement,생활 인프라·주거,0.25,housing_condition,주거환경,80.97561,1,30년 이상 노후주택 하한 비율,candidate_after_validation,medium_low
21010600,중구,영주2동,living_services_settlement,생활 인프라·주거,0.25,housing_condition,주거환경,80.487805,1,30년 이상 노후주택 하한 비율,candidate_after_validation,medium_low
21020690,서구,남부민2동,living_services_settlement,생활 인프라·주거,0.25,housing_condition,주거환경,80.0,1,30년 이상 노후주택 하한 비율,candidate_after_validation,medium_low
21150510,사상구,삼락동,living_services_settlement,생활 인프라·주거,0.25,housing_condition,주거환경,79.512195,1,30년 이상 노후주택 하한 비율,candidate_after_validation,medium_low
21100560,사하구,하단1동,living_services_settlement,생활 인프라·주거,0.25,housing_condition,주거환경,79.02439,1,30년 이상 노후주택 하한 비율,candidate_after_validation,medium_low
21050720,부산진구,가야2동,living_services_settlement,생활 인프라·주거,0.25,housing_condition,주거환경,78.536585,1,30년 이상 노후주택 하한 비율,candidate_after_validation,medium_low
21100530,사하구,괴정3동,living_services_settlement,생활 인프라·주거,0.25,housing_condition,주거환경,78.04878,1,30년 이상 노후주택 하한 비율,candidate_after_validation,medium_low
21130530,연제구,거제3동,living_services_settlement,생활 인프라·주거,0.25,housing_condition,주거환경,77.560976,1,30년 이상 노후주택 하한 비율,candidate_after_validation,medium_low
21100510,사하구,괴정1동,living_services_settlement,생활 인프라·주거,0.25,housing_condition,주거환경,77.073171,1,30년 이상 노후주택 하한 비율,candidate_after_validation,medium_low
21070690,남구,문현4동,living_services_settlement,생활 인프라·주거,0.25,housing_condition,주거환경,76.585366,1,30년 이상 노후주택 하한 비율,candidate_after_validation,medium_low
21070600,남구,용호4동,living_services_settlement,생활 인프라·주거,0.25,housing_condition,주거환경,76.097561,1,30년 이상 노후주택 하한 비율,candidate_after_validation,medium_low
21140540,수영구,망미1동,living_services_settlement,생활 인프라·주거,0.25,housing_condition,주거환경,75.609756,1,30년 이상 노후주택 하한 비율,candidate_after_validation,medium_low
21120510,강서구,대저1동,living_services_settlement,생활 인프라·주거,0.25,housing_condition,주거환경,75.121951,1,30년 이상 노후주택 하한 비율,candidate_after_validation,medium_low
21070710,남구,우암동,living_services_settlement,생활 인프라·주거,0.25,housing_condition,주거환경,74.634146,1,30년 이상 노후주택 하한 비율,candidate_after_validation,medium_low
21090590,해운대구,반여3동,living_services_settlement,생활 인프라·주거,0.25,housing_condition,주거환경,74.146341,1,30년 이상 노후주택 하한 비율,candidate_after_validation,medium_low
21030710,동구,범일1동,living_services_settlement,생활 인프라·주거,0.25,housing_condition,주거환경,73.658537,1,30년 이상 노후주택 하한 비율,candidate_after_validation,medium_low
21140530,수영구,수영동,living_services_settlement,생활 인프라·주거,0.25,housing_condition,주거환경,73.170732,1,30년 이상 노후주택 하한 비율,candidate_after_validation,medium_low
21060610,동래구,안락1동,living_services_settlement,생활 인프라·주거,0.25,housing_condition,주거환경,72.682927,1,30년 이상 노후주택 하한 비율,candidate_after_validation,medium_low
21150630,사상구,학장동,living_services_settlement,생활 인프라·주거,0.25,housing_condition,주거환경,72.195122,1,30년 이상 노후주택 하한 비율,candidate_after_validation,medium_low
21070670,남구,문현2동,living_services_settlement,생활 인프라·주거,0.25,housing_condition,주거환경,71.707317,1,30년 이상 노후주택 하한 비율,candidate_after_validation,medium_low
21100550,사하구,당리동,living_services_settlement,생활 인프라·주거,0.25,housing_condition,주거환경,71.219512,1,30년 이상 노후주택 하한 비율,candidate_after_validation,medium_low
21040630,영도구,청학1동,living_services_settlement,생활 인프라·주거,0.25,housing_condition,주거환경,70.731707,1,30년 이상 노후주택 하한 비율,candidate_after_validation,medium_low
21150560,사상구,덕포2동,living_services_settlement,생활 인프라·주거,0.25,housing_condition,주거환경,70.243902,1,30년 이상 노후주택 하한 비율,candidate_after_validation,medium_low
21010560,중구,부평동,living_services_settlement,생활 인프라·주거,0.25,housing_condition,주거환경,69.756098,0,,monitor,medium_low
21100650,사하구,감천1동,living_services_settlement,생활 인프라·주거,0.25,housing_condition,주거환경,69.268293,0,,monitor,medium_low
21110640,금정구,선두구동,living_services_settlement,생활 인프라·주거,0.25,housing_condition,주거환경,68.780488,0,,monitor,medium_low
21130630,연제구,연산9동,living_services_settlement,생활 인프라·주거,0.25,housing_condition,주거환경,68.292683,0,,monitor,medium_low
21030570,동구,수정2동,living_services_settlement,생활 인프라·주거,0.25,housing_condition,주거환경,67.804878,0,,monitor,medium_low
21030510,동구,초량1동,living_services_settlement,생활 인프라·주거,0.25,housing_condition,주거환경,67.317073,0,,monitor,medium_low
21060630,동래구,명장1동,living_services_settlement,생활 인프라·주거,0.25,housing_condition,주거환경,66.829268,0,,monitor,medium_low
21080530,북구,구포3동,living_services_settlement,생활 인프라·주거,0.25,housing_condition,주거환경,66.341463,0,,monitor,medium_low
21100610,사하구,장림2동,living_services_settlement,생활 인프라·주거,0.25,housing_condition,주거환경,65.853659,0,,monitor,medium_low
21040690,영도구,봉래2동,living_services_settlement,생활 인프라·주거,0.25,housing_condition,주거환경,65.365854,0,,monitor,medium_low
21100520,사하구,괴정2동,living_services_settlement,생활 인프라·주거,0.25,housing_condition,주거환경,64.878049,0,,monitor,medium_low
21100630,사하구,다대2동,living_services_settlement,생활 인프라·주거,0.25,housing_condition,주거환경,64.390244,0,,monitor,medium_low
21110710,금정구,금성동,living_services_settlement,생활 인프라·주거,0.25,housing_condition,주거환경,63.902439,0,,monitor,medium_low
21030700,동구,좌천동,living_services_settlement,생활 인프라·주거,0.25,housing_condition,주거환경,63.414634,0,,monitor,medium_low
21100570,사하구,하단2동,living_services_settlement,생활 인프라·주거,0.25,housing_condition,주거환경,62.926829,0,,monitor,medium_low
21050760,부산진구,개금3동,living_services_settlement,생활 인프라·주거,0.25,housing_condition,주거환경,62.439024,0,,monitor,medium_low
21100590,사하구,신평2동,living_services_settlement,생활 인프라·주거,0.25,housing_condition,주거환경,61.95122,0,,monitor,medium_low
21060600,동래구,사직3동,living_services_settlement,생활 인프라·주거,0.25,housing_condition,주거환경,61.463415,0,,monitor,medium_low
21040640,영도구,청학2동,living_services_settlement,생활 인프라·주거,0.25,housing_condition,주거환경,60.97561,0,,monitor,medium_low
21040540,영도구,영선1동,living_services_settlement,생활 인프라·주거,0.25,housing_condition,주거환경,60.487805,0,,monitor,medium_low
21070630,남구,감만2동,living_services_settlement,생활 인프라·주거,0.25,housing_condition,주거환경,60.0,0,,monitor,medium_low
21090620,해운대구,반송2동,living_services_settlement,생활 인프라·주거,0.25,housing_condition,주거환경,59.512195,0,,monitor,medium_low
21030560,동구,수정1동,living_services_settlement,생활 인프라·주거,0.25,housing_condition,주거환경,59.02439,0,,monitor,medium_low
21140510,수영구,남천1동,living_services_settlement,생활 인프라·주거,0.25,housing_condition,주거환경,58.536585,0,,monitor,medium_low
21090730,해운대구,우1동,living_services_settlement,생활 인프라·주거,0.25,housing_condition,주거환경,58.04878,0,,monitor,medium_low
21130570,연제구,연산3동,living_services_settlement,생활 인프라·주거,0.25,housing_condition,주거환경,57.560976,0,,monitor,medium_low
21150600,사상구,주례1동,living_services_settlement,생활 인프라·주거,0.25,housing_condition,주거환경,57.073171,0,,monitor,medium_low
21110680,금정구,남산동,living_services_settlement,생활 인프라·주거,0.25,housing_condition,주거환경,56.585366,0,,monitor,medium_low
21020680,서구,암남동,living_services_settlement,생활 인프라·주거,0.25,housing_condition,주거환경,56.097561,0,,monitor,medium_low
21130600,연제구,연산6동,living_services_settlement,생활 인프라·주거,0.25,housing_condition,주거환경,55.609756,0,,monitor,medium_low
21100540,사하구,괴정4동,living_services_settlement,생활 인프라·주거,0.25,housing_condition,주거환경,55.121951,0,,monitor,medium_low
21030660,동구,범일2동,living_services_settlement,생활 인프라·주거,0.25,housing_condition,주거환경,54.634146,0,,monitor,medium_low
21020530,서구,동대신3동,living_services_settlement,생활 인프라·주거,0.25,housing_condition,주거환경,54.146341,0,,monitor,medium_low
21150650,사상구,감전동,living_services_settlement,생활 인프라·주거,0.25,housing_condition,주거환경,53.658537,0,,monitor,medium_low
21130550,연제구,연산1동,living_services_settlement,생활 인프라·주거,0.25,housing_condition,주거환경,53.170732,0,,monitor,medium_low
21140550,수영구,망미2동,living_services_settlement,생활 인프라·주거,0.25,housing_condition,주거환경,52.682927,0,,monitor,medium_low
21050550,부산진구,초읍동,living_services_settlement,생활 인프라·주거,0.25,housing_condition,주거환경,52.195122,0,,monitor,medium_low
21130580,연제구,연산4동,living_services_settlement,생활 인프라·주거,0.25,housing_condition,주거환경,51.707317,0,,monitor,medium_low
21060560,동래구,온천2동,living_services_settlement,생활 인프라·주거,0.25,housing_condition,주거환경,51.219512,0,,monitor,medium_low
21060510,동래구,수민동,living_services_settlement,생활 인프라·주거,0.25,housing_condition,주거환경,50.731707,0,,monitor,medium_low
21090580,해운대구,반여2동,living_services_settlement,생활 인프라·주거,0.25,housing_condition,주거환경,50.243902,0,,monitor,medium_low
21150550,사상구,덕포1동,living_services_settlement,생활 인프라·주거,0.25,housing_condition,주거환경,49.756098,0,,monitor,medium_low
21080600,북구,만덕2동,living_services_settlement,생활 인프라·주거,0.25,housing_condition,주거환경,49.268293,0,,monitor,medium_low
21020510,서구,동대신1동,living_services_settlement,생활 인프라·주거,0.25,housing_condition,주거환경,48.780488,0,,monitor,medium_low
21070660,남구,문현1동,living_services_settlement,생활 인프라·주거,0.25,housing_condition,주거환경,48.292683,0,,monitor,medium_low
21010540,중구,보수동,living_services_settlement,생활 인프라·주거,0.25,housing_condition,주거환경,47.804878,0,,monitor,medium_low
21070610,남구,용당동,living_services_settlement,생활 인프라·주거,0.25,housing_condition,주거환경,47.317073,0,,monitor,medium_low
21120530,강서구,강동동,living_services_settlement,생활 인프라·주거,0.25,housing_condition,주거환경,46.829268,0,,monitor,medium_low
21040660,영도구,동삼2동,living_services_settlement,생활 인프라·주거,0.25,housing_condition,주거환경,46.341463,0,,monitor,medium_low
21110700,금정구,구서2동,living_services_settlement,생활 인프라·주거,0.25,housing_condition,주거환경,45.853659,0,,monitor,medium_low
21040650,영도구,동삼1동,living_services_settlement,생활 인프라·주거,0.25,housing_condition,주거환경,45.365854,0,,monitor,medium_low
21130620,연제구,연산8동,living_services_settlement,생활 인프라·주거,0.25,housing_condition,주거환경,44.878049,0,,monitor,medium_low
21010590,중구,영주1동,living_services_settlement,생활 인프라·주거,0.25,housing_condition,주거환경,44.390244,0,,monitor,medium_low
21010530,중구,대청동,living_services_settlement,생활 인프라·주거,0.25,housing_condition,주거환경,43.902439,0,,monitor,medium_low
21050700,부산진구,당감4동,living_services_settlement,생활 인프라·주거,0.25,housing_condition,주거환경,43.414634,0,,monitor,medium_low
21120520,강서구,대저2동,living_services_settlement,생활 인프라·주거,0.25,housing_condition,주거환경,42.926829,0,,monitor,medium_low
21140580,수영구,광안3동,living_services_settlement,생활 인프라·주거,0.25,housing_condition,주거환경,42.439024,0,,monitor,medium_low
21050840,부산진구,범천2동,living_services_settlement,생활 인프라·주거,0.25,housing_condition,주거환경,41.95122,0,,monitor,medium_low
21020590,서구,부민동,living_services_settlement,생활 인프라·주거,0.25,housing_condition,주거환경,41.463415,0,,monitor,medium_low
21020640,서구,충무동,living_services_settlement,생활 인프라·주거,0.25,housing_condition,주거환경,40.97561,0,,monitor,medium_low
21510120,기장군,장안읍,living_services_settlement,생활 인프라·주거,0.25,housing_condition,주거환경,40.487805,0,,monitor,medium_low
21080560,북구,덕천1동,living_services_settlement,생활 인프라·주거,0.25,housing_condition,주거환경,40.0,0,,monitor,medium_low
21120580,강서구,가덕도동,living_services_settlement,생활 인프라·주거,0.25,housing_condition,주거환경,39.512195,0,,monitor,medium_low
21110670,금정구,청룡노포동,living_services_settlement,생활 인프라·주거,0.25,housing_condition,주거환경,39.02439,0,,monitor,medium_low
21050810,부산진구,가야1동,living_services_settlement,생활 인프라·주거,0.25,housing_condition,주거환경,38.536585,0,,monitor,medium_low
21080520,북구,구포2동,living_services_settlement,생활 인프라·주거,0.25,housing_condition,주거환경,38.04878,0,,monitor,medium_low
21070680,남구,문현3동,living_services_settlement,생활 인프라·주거,0.25,housing_condition,주거환경,37.560976,0,,monitor,medium_low
21070540,남구,대연4동,living_services_settlement,생활 인프라·주거,0.25,housing_condition,주거환경,37.073171,0,,monitor,medium_low
21060580,동래구,사직1동,living_services_settlement,생활 인프라·주거,0.25,housing_condition,주거환경,36.585366,0,,monitor,medium_low
21100600,사하구,장림1동,living_services_settlement,생활 인프라·주거,0.25,housing_condition,주거환경,36.097561,0,,monitor,medium_low
21070580,남구,용호2동,living_services_settlement,생활 인프라·주거,0.25,housing_condition,주거환경,35.609756,0,,monitor,medium_low
21080510,북구,구포1동,living_services_settlement,생활 인프라·주거,0.25,housing_condition,주거환경,35.121951,0,,monitor,medium_low
21050770,부산진구,범천1동,living_services_settlement,생활 인프라·주거,0.25,housing_condition,주거환경,34.634146,0,,monitor,medium_low
21050820,부산진구,부전1동,living_services_settlement,생활 인프라·주거,0.25,housing_condition,주거환경,34.146341,0,,monitor,medium_low
21090540,해운대구,중2동,living_services_settlement,생활 인프라·주거,0.25,housing_condition,주거환경,33.658537,0,,monitor,medium_low
21110580,금정구,부곡2동,living_services_settlement,생활 인프라·주거,0.25,housing_condition,주거환경,33.170732,0,,monitor,medium_low
21020570,서구,서대신4동,living_services_settlement,생활 인프라·주거,0.25,housing_condition,주거환경,32.682927,0,,monitor,medium_low
21050660,부산진구,부암3동,living_services_settlement,생활 인프라·주거,0.25,housing_condition,주거환경,32.195122,0,,monitor,medium_low
21100620,사하구,다대1동,living_services_settlement,생활 인프라·주거,0.25,housing_condition,주거환경,31.707317,0,,monitor,medium_low
21050640,부산진구,부암1동,living_services_settlement,생활 인프라·주거,0.25,housing_condition,주거환경,31.219512,0,,monitor,medium_low
21140570,수영구,광안2동,living_services_settlement,생활 인프라·주거,0.25,housing_condition,주거환경,30.731707,0,,monitor,medium_low
21060620,동래구,안락2동,living_services_settlement,생활 인프라·주거,0.25,housing_condition,주거환경,30.243902,0,,monitor,medium_low
21070550,남구,대연5동,living_services_settlement,생활 인프라·주거,0.25,housing_condition,주거환경,29.756098,0,,monitor,medium_low
21150640,사상구,엄궁동,living_services_settlement,생활 인프라·주거,0.25,housing_condition,주거환경,29.268293,0,,monitor,medium_low
21100640,사하구,구평동,living_services_settlement,생활 인프라·주거,0.25,housing_condition,주거환경,28.780488,0,,monitor,medium_low
21050740,부산진구,개금1동,living_services_settlement,생활 인프라·주거,0.25,housing_condition,주거환경,28.292683,0,,monitor,medium_low
21140590,수영구,광안4동,living_services_settlement,생활 인프라·주거,0.25,housing_condition,주거환경,27.804878,0,,monitor,medium_low
21150610,사상구,주례2동,living_services_settlement,생활 인프라·주거,0.25,housing_condition,주거환경,27.317073,0,,monitor,medium_low
21510110,기장군,기장읍,living_services_settlement,생활 인프라·주거,0.25,housing_condition,주거환경,26.829268,0,,monitor,medium_low
21090740,해운대구,우2동,living_services_settlement,생활 인프라·주거,0.25,housing_condition,주거환경,26.341463,0,,monitor,medium_low
21090700,해운대구,반여1동,living_services_settlement,생활 인프라·주거,0.25,housing_condition,주거환경,25.853659,0,,monitor,medium_low
21060570,동래구,온천3동,living_services_settlement,생활 인프라·주거,0.25,housing_condition,주거환경,25.365854,0,,monitor,medium_low
21140560,수영구,광안1동,living_services_settlement,생활 인프라·주거,0.25,housing_condition,주거환경,24.878049,0,,monitor,medium_low
21020540,서구,서대신1동,living_services_settlement,생활 인프라·주거,0.25,housing_condition,주거환경,24.390244,0,,monitor,medium_low
21050830,부산진구,전포1동,living_services_settlement,생활 인프라·주거,0.25,housing_condition,주거환경,23.902439,0,,monitor,medium_low
21140600,수영구,민락동,living_services_settlement,생활 인프라·주거,0.25,housing_condition,주거환경,23.414634,0,,monitor,medium_low
21020560,서구,서대신3동,living_services_settlement,생활 인프라·주거,0.25,housing_condition,주거환경,22.926829,0,,monitor,medium_low
21110690,금정구,구서1동,living_services_settlement,생활 인프라·주거,0.25,housing_condition,주거환경,22.439024,0,,monitor,medium_low
21510330,기장군,철마면,living_services_settlement,생활 인프라·주거,0.25,housing_condition,주거환경,21.95122,0,,monitor,medium_low
21070570,남구,용호1동,living_services_settlement,생활 인프라·주거,0.25,housing_condition,주거환경,21.463415,0,,monitor,medium_low
21050570,부산진구,양정2동,living_services_settlement,생활 인프라·주거,0.25,housing_condition,주거환경,20.97561,0,,monitor,medium_low
21090640,해운대구,재송1동,living_services_settlement,생활 인프라·주거,0.25,housing_condition,주거환경,20.487805,0,,monitor,medium_low
21030680,동구,범일5동,living_services_settlement,생활 인프라·주거,0.25,housing_condition,주거환경,20.0,0,,monitor,medium_low
21150570,사상구,괘법동,living_services_settlement,생활 인프라·주거,0.25,housing_condition,주거환경,19.512195,0,,monitor,medium_low
21070620,남구,감만1동,living_services_settlement,생활 인프라·주거,0.25,housing_condition,주거환경,19.02439,0,,monitor,medium_low
21110590,금정구,부곡3동,living_services_settlement,생활 인프라·주거,0.25,housing_condition,주거환경,18.536585,0,,monitor,medium_low
21050540,부산진구,연지동,living_services_settlement,생활 인프라·주거,0.25,housing_condition,주거환경,18.04878,0,,monitor,medium_low
21130560,연제구,연산2동,living_services_settlement,생활 인프라·주거,0.25,housing_condition,주거환경,17.560976,0,,monitor,medium_low
21050610,부산진구,전포2동,living_services_settlement,생활 인프라·주거,0.25,housing_condition,주거환경,17.073171,0,,monitor,medium_low
21070560,남구,대연6동,living_services_settlement,생활 인프라·주거,0.25,housing_condition,주거환경,16.585366,0,,monitor,medium_low
21130510,연제구,거제1동,living_services_settlement,생활 인프라·주거,0.25,housing_condition,주거환경,16.097561,0,,monitor,medium_low
21130520,연제구,거제2동,living_services_settlement,생활 인프라·주거,0.25,housing_condition,주거환경,15.609756,0,,monitor,medium_low
21090530,해운대구,중1동,living_services_settlement,생활 인프라·주거,0.25,housing_condition,주거환경,15.121951,0,,monitor,medium_low
21090750,해운대구,우3동,living_services_settlement,생활 인프라·주거,0.25,housing_condition,주거환경,14.634146,0,,monitor,medium_low
21110610,금정구,장전1동,living_services_settlement,생활 인프라·주거,0.25,housing_condition,주거환경,14.146341,0,,monitor,medium_low
21070700,남구,대연1동,living_services_settlement,생활 인프라·주거,0.25,housing_condition,주거환경,13.658537,0,,monitor,medium_low
21080620,북구,화명2동,living_services_settlement,생활 인프라·주거,0.25,housing_condition,주거환경,13.170732,0,,monitor,medium_low
21130540,연제구,거제4동,living_services_settlement,생활 인프라·주거,0.25,housing_condition,주거환경,12.682927,0,,monitor,medium_low
21130590,연제구,연산5동,living_services_settlement,생활 인프라·주거,0.25,housing_condition,주거환경,12.195122,0,,monitor,medium_low
21060590,동래구,사직2동,living_services_settlement,생활 인프라·주거,0.25,housing_condition,주거환경,11.707317,0,,monitor,medium_low
21090560,해운대구,송정동,living_services_settlement,생활 인프라·주거,0.25,housing_condition,주거환경,11.219512,0,,monitor,medium_low
21060650,동래구,명륜동,living_services_settlement,생활 인프라·주거,0.25,housing_condition,주거환경,10.731707,0,,monitor,medium_low
21510111,기장군,일광읍,living_services_settlement,생활 인프라·주거,0.25,housing_condition,주거환경,10.243902,0,,monitor,medium_low
21080590,북구,만덕1동,living_services_settlement,생활 인프라·주거,0.25,housing_condition,주거환경,9.756098,0,,monitor,medium_low
21110740,금정구,장전2동,living_services_settlement,생활 인프라·주거,0.25,housing_condition,주거환경,9.268293,0,,monitor,medium_low
21050560,부산진구,양정1동,living_services_settlement,생활 인프라·주거,0.25,housing_condition,주거환경,8.780488,0,,monitor,medium_low
21050520,부산진구,부전2동,living_services_settlement,생활 인프라·주거,0.25,housing_condition,주거환경,8.292683,0,,monitor,medium_low
21030530,동구,초량3동,living_services_settlement,생활 인프라·주거,0.25,housing_condition,주거환경,7.804878,0,,monitor,medium_low
21050680,부산진구,당감2동,living_services_settlement,생활 인프라·주거,0.25,housing_condition,주거환경,7.317073,0,,monitor,medium_low
21090710,해운대구,반여4동,living_services_settlement,생활 인프라·주거,0.25,housing_condition,주거환경,6.829268,0,,monitor,medium_low
21060550,동래구,온천1동,living_services_settlement,생활 인프라·주거,0.25,housing_condition,주거환경,6.341463,0,,monitor,medium_low
21120561,강서구,녹산동,living_services_settlement,생활 인프라·주거,0.25,housing_condition,주거환경,5.853659,0,,monitor,medium_low
21070530,남구,대연3동,living_services_settlement,생활 인프라·주거,0.25,housing_condition,주거환경,5.365854,0,,monitor,medium_low
21080550,북구,화명1동,living_services_settlement,생활 인프라·주거,0.25,housing_condition,주거환경,4.878049,0,,monitor,medium_low
21510130,기장군,정관읍,living_services_settlement,생활 인프라·주거,0.25,housing_condition,주거환경,4.390244,0,,monitor,medium_low
21120590,강서구,명지1동,living_services_settlement,생활 인프라·주거,0.25,housing_condition,주거환경,3.902439,0,,monitor,medium_low
21080540,북구,금곡동,living_services_settlement,생활 인프라·주거,0.25,housing_condition,주거환경,3.414634,0,,monitor,medium_low
21090660,해운대구,좌1동,living_services_settlement,생활 인프라·주거,0.25,housing_condition,주거환경,2.926829,0,,monitor,medium_low
21080630,북구,화명3동,living_services_settlement,생활 인프라·주거,0.25,housing_condition,주거환경,1.219512,0,,monitor,medium_low
21090670,해운대구,좌2동,living_services_settlement,생활 인프라·주거,0.25,housing_condition,주거환경,1.219512,0,,monitor,medium_low
21090680,해운대구,좌3동,living_services_settlement,생활 인프라·주거,0.25,housing_condition,주거환경,1.219512,0,,monitor,medium_low
21090690,해운대구,좌4동,living_services_settlement,생활 인프라·주거,0.25,housing_condition,주거환경,1.219512,0,,monitor,medium_low
21120562,강서구,신호동,living_services_settlement,생활 인프라·주거,0.25,housing_condition,주거환경,1.219512,0,,monitor,medium_low
21120600,강서구,명지2동,living_services_settlement,생활 인프라·주거,0.25,housing_condition,주거환경,1.219512,0,,monitor,medium_low
21150540,사상구,모라3동,socioeconomic_base,사회·경제,0.5,income_support_need,소득·복지수요,100.0,1,추정 기초생활수급자율,candidate_after_validation,low
21010580,중구,남포동,socioeconomic_base,사회·경제,0.5,income_support_need,소득·복지수요,99.512195,1,추정 기초생활수급자율,candidate_after_validation,low
21040670,영도구,동삼3동,socioeconomic_base,사회·경제,0.5,income_support_need,소득·복지수요,99.02439,1,추정 기초생활수급자율,candidate_after_validation,low
21020630,서구,초장동,socioeconomic_base,사회·경제,0.5,income_support_need,소득·복지수요,98.536585,1,추정 기초생활수급자율,candidate_after_validation,low
21100660,사하구,감천2동,socioeconomic_base,사회·경제,0.5,income_support_need,소득·복지수요,98.04878,1,추정 기초생활수급자율,candidate_after_validation,low
21090620,해운대구,반송2동,socioeconomic_base,사회·경제,0.5,income_support_need,소득·복지수요,97.560976,1,추정 기초생활수급자율,candidate_after_validation,medium_low
21040680,영도구,신선동,socioeconomic_base,사회·경제,0.5,income_support_need,소득·복지수요,97.073171,1,추정 기초생활수급자율,candidate_after_validation,low
21010510,중구,중앙동,socioeconomic_base,사회·경제,0.5,income_support_need,소득·복지수요,96.585366,1,추정 기초생활수급자율,candidate_after_validation,low
21090590,해운대구,반여3동,socioeconomic_base,사회·경제,0.5,income_support_need,소득·복지수요,96.097561,1,추정 기초생활수급자율,candidate_after_validation,medium_low
21080580,북구,덕천3동,socioeconomic_base,사회·경제,0.5,income_support_need,소득·복지수요,95.609756,1,추정 기초생활수급자율,candidate_after_validation,medium_low
21020610,서구,아미동,socioeconomic_base,사회·경제,0.5,income_support_need,소득·복지수요,95.121951,1,추정 기초생활수급자율,candidate_after_validation,low
21090720,해운대구,반송1동,socioeconomic_base,사회·경제,0.5,income_support_need,소득·복지수요,94.634146,1,추정 기초생활수급자율,candidate_after_validation,medium_low
21030590,동구,수정4동,socioeconomic_base,사회·경제,0.5,income_support_need,소득·복지수요,94.146341,1,추정 기초생활수급자율,candidate_after_validation,medium_low
21030520,동구,초량2동,socioeconomic_base,사회·경제,0.5,income_support_need,소득·복지수요,93.658537,1,추정 기초생활수급자율,candidate_after_validation,medium_low
21010520,중구,동광동,socioeconomic_base,사회·경제,0.5,income_support_need,소득·복지수요,93.170732,1,추정 기초생활수급자율,candidate_after_validation,low
21080540,북구,금곡동,socioeconomic_base,사회·경제,0.5,income_support_need,소득·복지수요,92.682927,1,추정 기초생활수급자율,candidate_after_validation,medium_low
21030600,동구,수정5동,socioeconomic_base,사회·경제,0.5,income_support_need,소득·복지수요,92.195122,1,추정 기초생활수급자율,candidate_after_validation,medium_low
21110570,금정구,부곡1동,socioeconomic_base,사회·경제,0.5,income_support_need,소득·복지수요,91.707317,1,추정 기초생활수급자율,candidate_after_validation,medium_low
21090580,해운대구,반여2동,socioeconomic_base,사회·경제,0.5,income_support_need,소득·복지수요,91.219512,1,추정 기초생활수급자율,candidate_after_validation,medium_low
21010570,중구,광복동,socioeconomic_base,사회·경제,0.5,income_support_need,소득·복지수요,90.731707,1,추정 기초생활수급자율,candidate_after_validation,low
21030550,동구,초량6동,socioeconomic_base,사회·경제,0.5,income_support_need,소득·복지수요,90.243902,1,추정 기초생활수급자율,candidate_after_validation,medium_low
21110510,금정구,서1동,socioeconomic_base,사회·경제,0.5,income_support_need,소득·복지수요,89.756098,1,추정 기초생활수급자율,candidate_after_validation,medium_low
21020650,서구,남부민1동,socioeconomic_base,사회·경제,0.5,income_support_need,소득·복지수요,89.268293,1,추정 기초생활수급자율,candidate_after_validation,low
21030710,동구,범일1동,socioeconomic_base,사회·경제,0.5,income_support_need,소득·복지수요,88.780488,1,추정 기초생활수급자율,candidate_after_validation,medium_low
21090560,해운대구,송정동,socioeconomic_base,사회·경제,0.5,income_support_need,소득·복지수요,88.292683,1,추정 기초생활수급자율,candidate_after_validation,medium_low
21020690,서구,남부민2동,socioeconomic_base,사회·경제,0.5,income_support_need,소득·복지수요,87.804878,1,추정 기초생활수급자율,candidate_after_validation,low
21040530,영도구,남항동,socioeconomic_base,사회·경제,0.5,income_support_need,소득·복지수요,87.317073,1,추정 기초생활수급자율,candidate_after_validation,low
21510120,기장군,장안읍,socioeconomic_base,사회·경제,0.5,income_support_need,소득·복지수요,86.829268,1,추정 기초생활수급자율,candidate_after_validation,low
21110520,금정구,서2동,socioeconomic_base,사회·경제,0.5,income_support_need,소득·복지수요,86.341463,1,추정 기초생활수급자율,candidate_after_validation,medium_low
21010560,중구,부평동,socioeconomic_base,사회·경제,0.5,income_support_need,소득·복지수요,85.853659,1,추정 기초생활수급자율,candidate_after_validation,low
21030510,동구,초량1동,socioeconomic_base,사회·경제,0.5,income_support_need,소득·복지수요,85.365854,1,추정 기초생활수급자율,candidate_after_validation,medium_low
21100530,사하구,괴정3동,socioeconomic_base,사회·경제,0.5,income_support_need,소득·복지수요,84.878049,1,추정 기초생활수급자율,candidate_after_validation,low
21080530,북구,구포3동,socioeconomic_base,사회·경제,0.5,income_support_need,소득·복지수요,84.390244,1,추정 기초생활수급자율,candidate_after_validation,medium_low
21120550,강서구,가락동,socioeconomic_base,사회·경제,0.5,income_support_need,소득·복지수요,83.902439,1,추정 기초생활수급자율,candidate_after_validation,low
21110720,금정구,서3동,socioeconomic_base,사회·경제,0.5,income_support_need,소득·복지수요,83.414634,1,추정 기초생활수급자율,candidate_after_validation,medium_low
21050820,부산진구,부전1동,socioeconomic_base,사회·경제,0.5,income_support_need,소득·복지수요,82.926829,1,추정 기초생활수급자율,candidate_after_validation,low
21080570,북구,덕천2동,socioeconomic_base,사회·경제,0.5,income_support_need,소득·복지수요,82.439024,1,추정 기초생활수급자율,candidate_after_validation,medium_low
21040590,영도구,봉래1동,socioeconomic_base,사회·경제,0.5,income_support_need,소득·복지수요,81.95122,1,추정 기초생활수급자율,candidate_after_validation,low
21150510,사상구,삼락동,socioeconomic_base,사회·경제,0.5,income_support_need,소득·복지수요,81.463415,1,추정 기초생활수급자율,candidate_after_validation,low
21030570,동구,수정2동,socioeconomic_base,사회·경제,0.5,income_support_need,소득·복지수요,80.97561,1,추정 기초생활수급자율,candidate_after_validation,medium_low
21080560,북구,덕천1동,socioeconomic_base,사회·경제,0.5,income_support_need,소득·복지수요,80.487805,1,추정 기초생활수급자율,candidate_after_validation,medium_low
21030700,동구,좌천동,socioeconomic_base,사회·경제,0.5,income_support_need,소득·복지수요,80.0,1,추정 기초생활수급자율,candidate_after_validation,medium_low
21020520,서구,동대신2동,socioeconomic_base,사회·경제,0.5,income_support_need,소득·복지수요,79.512195,1,추정 기초생활수급자율,candidate_after_validation,low
21110730,금정구,금사회동동,socioeconomic_base,사회·경제,0.5,income_support_need,소득·복지수요,79.02439,1,추정 기초생활수급자율,candidate_after_validation,medium_low
21030560,동구,수정1동,socioeconomic_base,사회·경제,0.5,income_support_need,소득·복지수요,78.536585,1,추정 기초생활수급자율,candidate_after_validation,medium_low
21100580,사하구,신평1동,socioeconomic_base,사회·경제,0.5,income_support_need,소득·복지수요,78.04878,1,추정 기초생활수급자율,candidate_after_validation,low
21010590,중구,영주1동,socioeconomic_base,사회·경제,0.5,income_support_need,소득·복지수요,77.560976,1,추정 기초생활수급자율,candidate_after_validation,low
21040630,영도구,청학1동,socioeconomic_base,사회·경제,0.5,income_support_need,소득·복지수요,77.073171,1,추정 기초생활수급자율,candidate_after_validation,low
21070630,남구,감만2동,socioeconomic_base,사회·경제,0.5,income_support_need,소득·복지수요,76.585366,1,추정 기초생활수급자율,candidate_after_validation,medium_low
21120510,강서구,대저1동,socioeconomic_base,사회·경제,0.5,income_support_need,소득·복지수요,76.097561,1,추정 기초생활수급자율,candidate_after_validation,low
21080510,북구,구포1동,socioeconomic_base,사회·경제,0.5,income_support_need,소득·복지수요,75.609756,1,추정 기초생활수급자율,candidate_after_validation,medium_low
21510330,기장군,철마면,socioeconomic_base,사회·경제,0.5,income_support_need,소득·복지수요,75.121951,1,추정 기초생활수급자율,candidate_after_validation,low
21100570,사하구,하단2동,socioeconomic_base,사회·경제,0.5,income_support_need,소득·복지수요,74.634146,1,추정 기초생활수급자율,candidate_after_validation,low
21100560,사하구,하단1동,socioeconomic_base,사회·경제,0.5,income_support_need,소득·복지수요,74.146341,1,추정 기초생활수급자율,candidate_after_validation,low
21020640,서구,충무동,socioeconomic_base,사회·경제,0.5,income_support_need,소득·복지수요,73.658537,1,추정 기초생활수급자율,candidate_after_validation,low
21070670,남구,문현2동,socioeconomic_base,사회·경제,0.5,income_support_need,소득·복지수요,73.170732,1,추정 기초생활수급자율,candidate_after_validation,medium_low
21040550,영도구,영선2동,socioeconomic_base,사회·경제,0.5,income_support_need,소득·복지수요,72.682927,1,추정 기초생활수급자율,candidate_after_validation,low
21150650,사상구,감전동,socioeconomic_base,사회·경제,0.5,income_support_need,소득·복지수요,72.195122,1,추정 기초생활수급자율,candidate_after_validation,low
21110680,금정구,남산동,socioeconomic_base,사회·경제,0.5,income_support_need,소득·복지수요,71.707317,1,추정 기초생활수급자율,candidate_after_validation,medium_low
21060520,동래구,복산동,socioeconomic_base,사회·경제,0.5,income_support_need,소득·복지수요,71.219512,1,추정 기초생활수급자율,candidate_after_validation,low
21140580,수영구,광안3동,socioeconomic_base,사회·경제,0.5,income_support_need,소득·복지수요,70.731707,1,추정 기초생활수급자율,candidate_after_validation,medium_low
21090650,해운대구,재송2동,socioeconomic_base,사회·경제,0.5,income_support_need,소득·복지수요,70.243902,1,추정 기초생활수급자율,candidate_after_validation,medium_low
21130590,연제구,연산5동,socioeconomic_base,사회·경제,0.5,income_support_need,소득·복지수요,69.756098,0,,monitor,low
21150620,사상구,주례3동,socioeconomic_base,사회·경제,0.5,income_support_need,소득·복지수요,69.268293,0,,monitor,low
21040540,영도구,영선1동,socioeconomic_base,사회·경제,0.5,income_support_need,소득·복지수요,68.780488,0,,monitor,low
21070590,남구,용호3동,socioeconomic_base,사회·경제,0.5,income_support_need,소득·복지수요,68.292683,0,,monitor,medium_low
21510110,기장군,기장읍,socioeconomic_base,사회·경제,0.5,income_support_need,소득·복지수요,67.804878,0,,monitor,low
21050770,부산진구,범천1동,socioeconomic_base,사회·경제,0.5,income_support_need,소득·복지수요,67.317073,0,,monitor,low
21010540,중구,보수동,socioeconomic_base,사회·경제,0.5,income_support_need,소득·복지수요,66.829268,0,,monitor,low
21100510,사하구,괴정1동,socioeconomic_base,사회·경제,0.5,income_support_need,소득·복지수요,66.341463,0,,monitor,low
21010600,중구,영주2동,socioeconomic_base,사회·경제,0.5,income_support_need,소득·복지수요,65.853659,0,,monitor,low
21020530,서구,동대신3동,socioeconomic_base,사회·경제,0.5,income_support_need,소득·복지수요,65.365854,0,,monitor,low
21100650,사하구,감천1동,socioeconomic_base,사회·경제,0.5,income_support_need,소득·복지수요,64.878049,0,,monitor,low
21020590,서구,부민동,socioeconomic_base,사회·경제,0.5,income_support_need,소득·복지수요,64.390244,0,,monitor,low
21100630,사하구,다대2동,socioeconomic_base,사회·경제,0.5,income_support_need,소득·복지수요,63.902439,0,,monitor,low
21010530,중구,대청동,socioeconomic_base,사회·경제,0.5,income_support_need,소득·복지수요,63.414634,0,,monitor,low
21140530,수영구,수영동,socioeconomic_base,사회·경제,0.5,income_support_need,소득·복지수요,62.926829,0,,monitor,medium_low
21120580,강서구,가덕도동,socioeconomic_base,사회·경제,0.5,income_support_need,소득·복지수요,62.439024,0,,monitor,low
21040690,영도구,봉래2동,socioeconomic_base,사회·경제,0.5,income_support_need,소득·복지수요,61.95122,0,,monitor,low
21070600,남구,용호4동,socioeconomic_base,사회·경제,0.5,income_support_need,소득·복지수요,61.463415,0,,monitor,medium_low
21040660,영도구,동삼2동,socioeconomic_base,사회·경제,0.5,income_support_need,소득·복지수요,60.97561,0,,monitor,low
21130530,연제구,거제3동,socioeconomic_base,사회·경제,0.5,income_support_need,소득·복지수요,60.487805,0,,monitor,low
21130580,연제구,연산4동,socioeconomic_base,사회·경제,0.5,income_support_need,소득·복지수요,60.0,0,,monitor,low
21050800,부산진구,당감1동,socioeconomic_base,사회·경제,0.5,income_support_need,소득·복지수요,59.512195,0,,monitor,low
21040640,영도구,청학2동,socioeconomic_base,사회·경제,0.5,income_support_need,소득·복지수요,59.02439,0,,monitor,low
21040650,영도구,동삼1동,socioeconomic_base,사회·경제,0.5,income_support_need,소득·복지수요,58.536585,0,,monitor,low
21020510,서구,동대신1동,socioeconomic_base,사회·경제,0.5,income_support_need,소득·복지수요,58.04878,0,,monitor,low
21060610,동래구,안락1동,socioeconomic_base,사회·경제,0.5,income_support_need,소득·복지수요,57.560976,0,,monitor,low
21110640,금정구,선두구동,socioeconomic_base,사회·경제,0.5,income_support_need,소득·복지수요,57.073171,0,,monitor,medium_low
21080600,북구,만덕2동,socioeconomic_base,사회·경제,0.5,income_support_need,소득·복지수요,56.585366,0,,monitor,medium_low
21100520,사하구,괴정2동,socioeconomic_base,사회·경제,0.5,income_support_need,소득·복지수요,56.097561,0,,monitor,low
21100550,사하구,당리동,socioeconomic_base,사회·경제,0.5,income_support_need,소득·복지수요,55.609756,0,,monitor,low
21050810,부산진구,가야1동,socioeconomic_base,사회·경제,0.5,income_support_need,소득·복지수요,55.121951,0,,monitor,low
21060640,동래구,명장2동,socioeconomic_base,사회·경제,0.5,income_support_need,소득·복지수요,54.634146,0,,monitor,low
21070710,남구,우암동,socioeconomic_base,사회·경제,0.5,income_support_need,소득·복지수요,54.146341,0,,monitor,medium_low
21130600,연제구,연산6동,socioeconomic_base,사회·경제,0.5,income_support_need,소득·복지수요,53.658537,0,,monitor,low
21080520,북구,구포2동,socioeconomic_base,사회·경제,0.5,income_support_need,소득·복지수요,53.170732,0,,monitor,medium_low
21050750,부산진구,개금2동,socioeconomic_base,사회·경제,0.5,income_support_need,소득·복지수요,52.682927,0,,monitor,low
21100610,사하구,장림2동,socioeconomic_base,사회·경제,0.5,income_support_need,소득·복지수요,52.195122,0,,monitor,low
21140550,수영구,망미2동,socioeconomic_base,사회·경제,0.5,income_support_need,소득·복지수요,51.707317,0,,monitor,medium_low
21030660,동구,범일2동,socioeconomic_base,사회·경제,0.5,income_support_need,소득·복지수요,51.219512,0,,monitor,medium_low
21150520,사상구,모라1동,socioeconomic_base,사회·경제,0.5,income_support_need,소득·복지수요,50.731707,0,,monitor,low
21110600,금정구,부곡4동,socioeconomic_base,사회·경제,0.5,income_support_need,소득·복지수요,50.243902,0,,monitor,medium_low
21140540,수영구,망미1동,socioeconomic_base,사회·경제,0.5,income_support_need,소득·복지수요,49.756098,0,,monitor,medium_low
21050520,부산진구,부전2동,socioeconomic_base,사회·경제,0.5,income_support_need,소득·복지수요,49.268293,0,,monitor,low
21070660,남구,문현1동,socioeconomic_base,사회·경제,0.5,income_support_need,소득·복지수요,48.780488,0,,monitor,medium_low
21050830,부산진구,전포1동,socioeconomic_base,사회·경제,0.5,income_support_need,소득·복지수요,48.292683,0,,monitor,low
21150570,사상구,괘법동,socioeconomic_base,사회·경제,0.5,income_support_need,소득·복지수요,47.804878,0,,monitor,low
21130570,연제구,연산3동,socioeconomic_base,사회·경제,0.5,income_support_need,소득·복지수요,47.317073,0,,monitor,low
21020680,서구,암남동,socioeconomic_base,사회·경제,0.5,income_support_need,소득·복지수요,46.829268,0,,monitor,low
21070690,남구,문현4동,socioeconomic_base,사회·경제,0.5,income_support_need,소득·복지수요,46.341463,0,,monitor,medium_low
21100590,사하구,신평2동,socioeconomic_base,사회·경제,0.5,income_support_need,소득·복지수요,45.853659,0,,monitor,low
21100620,사하구,다대1동,socioeconomic_base,사회·경제,0.5,income_support_need,소득·복지수요,45.365854,0,,monitor,low
21070540,남구,대연4동,socioeconomic_base,사회·경제,0.5,income_support_need,소득·복지수요,44.878049,0,,monitor,medium_low
21050840,부산진구,범천2동,socioeconomic_base,사회·경제,0.5,income_support_need,소득·복지수요,44.390244,0,,monitor,low
21050610,부산진구,전포2동,socioeconomic_base,사회·경제,0.5,income_support_need,소득·복지수요,43.902439,0,,monitor,low
21150560,사상구,덕포2동,socioeconomic_base,사회·경제,0.5,income_support_need,소득·복지수요,43.414634,0,,monitor,low
21110670,금정구,청룡노포동,socioeconomic_base,사회·경제,0.5,income_support_need,소득·복지수요,42.926829,0,,monitor,medium_low
21100540,사하구,괴정4동,socioeconomic_base,사회·경제,0.5,income_support_need,소득·복지수요,42.439024,0,,monitor,low
21150630,사상구,학장동,socioeconomic_base,사회·경제,0.5,income_support_need,소득·복지수요,41.95122,0,,monitor,low
21140560,수영구,광안1동,socioeconomic_base,사회·경제,0.5,income_support_need,소득·복지수요,41.463415,0,,monitor,medium_low
21060630,동래구,명장1동,socioeconomic_base,사회·경제,0.5,income_support_need,소득·복지수요,40.97561,0,,monitor,low
21050740,부산진구,개금1동,socioeconomic_base,사회·경제,0.5,income_support_need,소득·복지수요,40.487805,0,,monitor,low
21100600,사하구,장림1동,socioeconomic_base,사회·경제,0.5,income_support_need,소득·복지수요,40.0,0,,monitor,low
21090540,해운대구,중2동,socioeconomic_base,사회·경제,0.5,income_support_need,소득·복지수요,39.512195,0,,monitor,medium_low
21050570,부산진구,양정2동,socioeconomic_base,사회·경제,0.5,income_support_need,소득·복지수요,39.02439,0,,monitor,low
21050550,부산진구,초읍동,socioeconomic_base,사회·경제,0.5,income_support_need,소득·복지수요,38.536585,0,,monitor,low
21050720,부산진구,가야2동,socioeconomic_base,사회·경제,0.5,income_support_need,소득·복지수요,38.04878,0,,monitor,low
21050760,부산진구,개금3동,socioeconomic_base,사회·경제,0.5,income_support_need,소득·복지수요,37.560976,0,,monitor,low
21050700,부산진구,당감4동,socioeconomic_base,사회·경제,0.5,income_support_need,소득·복지수요,37.073171,0,,monitor,low
21120520,강서구,대저2동,socioeconomic_base,사회·경제,0.5,income_support_need,소득·복지수요,36.585366,0,,monitor,low
21130630,연제구,연산9동,socioeconomic_base,사회·경제,0.5,income_support_need,소득·복지수요,36.097561,0,,monitor,low
21070700,남구,대연1동,socioeconomic_base,사회·경제,0.5,income_support_need,소득·복지수요,35.609756,0,,monitor,medium_low
21060600,동래구,사직3동,socioeconomic_base,사회·경제,0.5,income_support_need,소득·복지수요,35.121951,0,,monitor,low
21510111,기장군,일광읍,socioeconomic_base,사회·경제,0.5,income_support_need,소득·복지수요,34.634146,0,,monitor,low
21070610,남구,용당동,socioeconomic_base,사회·경제,0.5,income_support_need,소득·복지수요,34.146341,0,,monitor,medium_low
21090730,해운대구,우1동,socioeconomic_base,사회·경제,0.5,income_support_need,소득·복지수요,33.658537,0,,monitor,medium_low
21150610,사상구,주례2동,socioeconomic_base,사회·경제,0.5,income_support_need,소득·복지수요,33.170732,0,,monitor,low
21070620,남구,감만1동,socioeconomic_base,사회·경제,0.5,income_support_need,소득·복지수요,32.682927,0,,monitor,medium_low
21130620,연제구,연산8동,socioeconomic_base,사회·경제,0.5,income_support_need,소득·복지수요,32.195122,0,,monitor,low
21020540,서구,서대신1동,socioeconomic_base,사회·경제,0.5,income_support_need,소득·복지수요,31.707317,0,,monitor,low
21140570,수영구,광안2동,socioeconomic_base,사회·경제,0.5,income_support_need,소득·복지수요,31.219512,0,,monitor,medium_low
21130560,연제구,연산2동,socioeconomic_base,사회·경제,0.5,income_support_need,소득·복지수요,30.731707,0,,monitor,low
21080620,북구,화명2동,socioeconomic_base,사회·경제,0.5,income_support_need,소득·복지수요,30.243902,0,,monitor,medium_low
21130550,연제구,연산1동,socioeconomic_base,사회·경제,0.5,income_support_need,소득·복지수요,29.756098,0,,monitor,low
21150550,사상구,덕포1동,socioeconomic_base,사회·경제,0.5,income_support_need,소득·복지수요,29.268293,0,,monitor,low
21140590,수영구,광안4동,socioeconomic_base,사회·경제,0.5,income_support_need,소득·복지수요,28.780488,0,,monitor,medium_low
21060570,동래구,온천3동,socioeconomic_base,사회·경제,0.5,income_support_need,소득·복지수요,28.292683,0,,monitor,low
21060510,동래구,수민동,socioeconomic_base,사회·경제,0.5,income_support_need,소득·복지수요,27.804878,0,,monitor,low
21050560,부산진구,양정1동,socioeconomic_base,사회·경제,0.5,income_support_need,소득·복지수요,27.317073,0,,monitor,low
21080610,북구,만덕3동,socioeconomic_base,사회·경제,0.5,income_support_need,소득·복지수요,26.829268,0,,monitor,medium_low
21070550,남구,대연5동,socioeconomic_base,사회·경제,0.5,income_support_need,소득·복지수요,26.341463,0,,monitor,medium_low
21100640,사하구,구평동,socioeconomic_base,사회·경제,0.5,income_support_need,소득·복지수요,25.853659,0,,monitor,low
21060550,동래구,온천1동,socioeconomic_base,사회·경제,0.5,income_support_need,소득·복지수요,25.365854,0,,monitor,low
21060580,동래구,사직1동,socioeconomic_base,사회·경제,0.5,income_support_need,소득·복지수요,24.878049,0,,monitor,low
21020570,서구,서대신4동,socioeconomic_base,사회·경제,0.5,income_support_need,소득·복지수요,24.390244,0,,monitor,low
21150600,사상구,주례1동,socioeconomic_base,사회·경제,0.5,income_support_need,소득·복지수요,23.902439,0,,monitor,low
21510130,기장군,정관읍,socioeconomic_base,사회·경제,0.5,income_support_need,소득·복지수요,23.414634,0,,monitor,low
21110580,금정구,부곡2동,socioeconomic_base,사회·경제,0.5,income_support_need,소득·복지수요,22.926829,0,,monitor,medium_low
21050640,부산진구,부암1동,socioeconomic_base,사회·경제,0.5,income_support_need,소득·복지수요,22.439024,0,,monitor,low
21020560,서구,서대신3동,socioeconomic_base,사회·경제,0.5,income_support_need,소득·복지수요,21.95122,0,,monitor,low
21140600,수영구,민락동,socioeconomic_base,사회·경제,0.5,income_support_need,소득·복지수요,21.463415,0,,monitor,medium_low
21120561,강서구,녹산동,socioeconomic_base,사회·경제,0.5,income_support_need,소득·복지수요,20.97561,0,,monitor,low
21030530,동구,초량3동,socioeconomic_base,사회·경제,0.5,income_support_need,소득·복지수요,20.487805,0,,monitor,medium_low
21080590,북구,만덕1동,socioeconomic_base,사회·경제,0.5,income_support_need,소득·복지수요,20.0,0,,monitor,medium_low
21110710,금정구,금성동,socioeconomic_base,사회·경제,0.5,income_support_need,소득·복지수요,19.512195,0,,monitor,medium_low
21060620,동래구,안락2동,socioeconomic_base,사회·경제,0.5,income_support_need,소득·복지수요,19.02439,0,,monitor,low
21060560,동래구,온천2동,socioeconomic_base,사회·경제,0.5,income_support_need,소득·복지수요,18.536585,0,,monitor,low
21130540,연제구,거제4동,socioeconomic_base,사회·경제,0.5,income_support_need,소득·복지수요,18.04878,0,,monitor,low
21050680,부산진구,당감2동,socioeconomic_base,사회·경제,0.5,income_support_need,소득·복지수요,17.560976,0,,monitor,low
21030680,동구,범일5동,socioeconomic_base,사회·경제,0.5,income_support_need,소득·복지수요,17.073171,0,,monitor,medium_low
21110690,금정구,구서1동,socioeconomic_base,사회·경제,0.5,income_support_need,소득·복지수요,16.585366,0,,monitor,medium_low
21110610,금정구,장전1동,socioeconomic_base,사회·경제,0.5,income_support_need,소득·복지수요,16.097561,0,,monitor,medium_low
21110700,금정구,구서2동,socioeconomic_base,사회·경제,0.5,income_support_need,소득·복지수요,15.609756,0,,monitor,medium_low
21050540,부산진구,연지동,socioeconomic_base,사회·경제,0.5,income_support_need,소득·복지수요,15.121951,0,,monitor,low
21070680,남구,문현3동,socioeconomic_base,사회·경제,0.5,income_support_need,소득·복지수요,14.634146,0,,monitor,medium_low
21050660,부산진구,부암3동,socioeconomic_base,사회·경제,0.5,income_support_need,소득·복지수요,14.146341,0,,monitor,low
21070570,남구,용호1동,socioeconomic_base,사회·경제,0.5,income_support_need,소득·복지수요,13.658537,0,,monitor,medium_low
21110590,금정구,부곡3동,socioeconomic_base,사회·경제,0.5,income_support_need,소득·복지수요,13.170732,0,,monitor,medium_low
21130510,연제구,거제1동,socioeconomic_base,사회·경제,0.5,income_support_need,소득·복지수요,12.682927,0,,monitor,low
21110740,금정구,장전2동,socioeconomic_base,사회·경제,0.5,income_support_need,소득·복지수요,12.195122,0,,monitor,medium_low
21150640,사상구,엄궁동,socioeconomic_base,사회·경제,0.5,income_support_need,소득·복지수요,11.707317,0,,monitor,low
21090530,해운대구,중1동,socioeconomic_base,사회·경제,0.5,income_support_need,소득·복지수요,11.219512,0,,monitor,medium_low
21090640,해운대구,재송1동,socioeconomic_base,사회·경제,0.5,income_support_need,소득·복지수요,10.731707,0,,monitor,medium_low
21070580,남구,용호2동,socioeconomic_base,사회·경제,0.5,income_support_need,소득·복지수요,10.243902,0,,monitor,medium_low
21120530,강서구,강동동,socioeconomic_base,사회·경제,0.5,income_support_need,소득·복지수요,9.756098,0,,monitor,low
21060650,동래구,명륜동,socioeconomic_base,사회·경제,0.5,income_support_need,소득·복지수요,9.268293,0,,monitor,low
21090700,해운대구,반여1동,socioeconomic_base,사회·경제,0.5,income_support_need,소득·복지수요,8.780488,0,,monitor,medium_low
21140520,수영구,남천2동,socioeconomic_base,사회·경제,0.5,income_support_need,소득·복지수요,8.292683,0,,monitor,medium_low
21140510,수영구,남천1동,socioeconomic_base,사회·경제,0.5,income_support_need,소득·복지수요,7.804878,0,,monitor,medium_low
21130520,연제구,거제2동,socioeconomic_base,사회·경제,0.5,income_support_need,소득·복지수요,7.317073,0,,monitor,low
21090680,해운대구,좌3동,socioeconomic_base,사회·경제,0.5,income_support_need,소득·복지수요,6.829268,0,,monitor,medium_low
21060590,동래구,사직2동,socioeconomic_base,사회·경제,0.5,income_support_need,소득·복지수요,6.341463,0,,monitor,low
21120562,강서구,신호동,socioeconomic_base,사회·경제,0.5,income_support_need,소득·복지수요,5.853659,0,,monitor,low
21090710,해운대구,반여4동,socioeconomic_base,사회·경제,0.5,income_support_need,소득·복지수요,5.365854,0,,monitor,medium_low
21070560,남구,대연6동,socioeconomic_base,사회·경제,0.5,income_support_need,소득·복지수요,4.878049,0,,monitor,medium_low
21090660,해운대구,좌1동,socioeconomic_base,사회·경제,0.5,income_support_need,소득·복지수요,4.390244,0,,monitor,medium_low
21090670,해운대구,좌2동,socioeconomic_base,사회·경제,0.5,income_support_need,소득·복지수요,3.902439,0,,monitor,medium_low
21120590,강서구,명지1동,socioeconomic_base,사회·경제,0.5,income_support_need,소득·복지수요,3.414634,0,,monitor,low
21090740,해운대구,우2동,socioeconomic_base,사회·경제,0.5,income_support_need,소득·복지수요,2.926829,0,,monitor,medium_low
21120600,강서구,명지2동,socioeconomic_base,사회·경제,0.5,income_support_need,소득·복지수요,2.439024,0,,monitor,low
21070530,남구,대연3동,socioeconomic_base,사회·경제,0.5,income_support_need,소득·복지수요,1.95122,0,,monitor,medium_low
21080550,북구,화명1동,socioeconomic_base,사회·경제,0.5,income_support_need,소득·복지수요,1.463415,0,,monitor,medium_low
21090690,해운대구,좌4동,socioeconomic_base,사회·경제,0.5,income_support_need,소득·복지수요,0.97561,0,,monitor,medium_low
21080630,북구,화명3동,socioeconomic_base,사회·경제,0.5,income_support_need,소득·복지수요,0.487805,0,,monitor,medium_low
21090750,해운대구,우3동,socioeconomic_base,사회·경제,0.5,income_support_need,소득·복지수요,0.0,0,,monitor,medium_low
21080550,북구,화명1동,socioeconomic_base,사회·경제,0.5,local_employment_opportunity,지역 고용기회,100.0,2,주민 대비 사업장 종사자 공급 대리|주민 대비 사업체 공급 대리,candidate_after_validation,low
21050660,부산진구,부암3동,socioeconomic_base,사회·경제,0.5,local_employment_opportunity,지역 고용기회,99.51219599999999,2,주민 대비 사업장 종사자 공급 대리|주민 대비 사업체 공급 대리,candidate_after_validation,low
21050760,부산진구,개금3동,socioeconomic_base,사회·경제,0.5,local_employment_opportunity,지역 고용기회,98.390244,2,주민 대비 사업장 종사자 공급 대리|주민 대비 사업체 공급 대리,candidate_after_validation,low
21050540,부산진구,연지동,socioeconomic_base,사회·경제,0.5,local_employment_opportunity,지역 고용기회,97.756097,2,주민 대비 사업장 종사자 공급 대리|주민 대비 사업체 공급 대리,candidate_after_validation,low
21080610,북구,만덕3동,socioeconomic_base,사회·경제,0.5,local_employment_opportunity,지역 고용기회,96.829268,2,주민 대비 사업장 종사자 공급 대리|주민 대비 사업체 공급 대리,candidate_after_validation,low
21090710,해운대구,반여4동,socioeconomic_base,사회·경제,0.5,local_employment_opportunity,지역 고용기회,96.58536600000001,2,주민 대비 사업장 종사자 공급 대리|주민 대비 사업체 공급 대리,candidate_after_validation,low
21070580,남구,용호2동,socioeconomic_base,사회·경제,0.5,local_employment_opportunity,지역 고용기회,96.24390199999999,2,주민 대비 사업장 종사자 공급 대리|주민 대비 사업체 공급 대리,candidate_after_validation,low
21100630,사하구,다대2동,socioeconomic_base,사회·경제,0.5,local_employment_opportunity,지역 고용기회,95.756097,2,주민 대비 사업장 종사자 공급 대리|주민 대비 사업체 공급 대리,candidate_after_validation,low
21080600,북구,만덕2동,socioeconomic_base,사회·경제,0.5,local_employment_opportunity,지역 고용기회,95.073171,2,주민 대비 사업장 종사자 공급 대리|주민 대비 사업체 공급 대리,candidate_after_validation,low
21070570,남구,용호1동,socioeconomic_base,사회·경제,0.5,local_employment_opportunity,지역 고용기회,95.02439100000001,2,주민 대비 사업장 종사자 공급 대리|주민 대비 사업체 공급 대리,candidate_after_validation,low
21080590,북구,만덕1동,socioeconomic_base,사회·경제,0.5,local_employment_opportunity,지역 고용기회,94.97560999999999,2,주민 대비 사업장 종사자 공급 대리|주민 대비 사업체 공급 대리,candidate_after_validation,low
21080540,북구,금곡동,socioeconomic_base,사회·경제,0.5,local_employment_opportunity,지역 고용기회,94.926829,2,주민 대비 사업장 종사자 공급 대리|주민 대비 사업체 공급 대리,candidate_after_validation,low
21080620,북구,화명2동,socioeconomic_base,사회·경제,0.5,local_employment_opportunity,지역 고용기회,94.341463,2,주민 대비 사업장 종사자 공급 대리|주민 대비 사업체 공급 대리,candidate_after_validation,low
21100520,사하구,괴정2동,socioeconomic_base,사회·경제,0.5,local_employment_opportunity,지역 고용기회,92.390244,2,주민 대비 사업장 종사자 공급 대리|주민 대비 사업체 공급 대리,candidate_after_validation,low
21080580,북구,덕천3동,socioeconomic_base,사회·경제,0.5,local_employment_opportunity,지역 고용기회,92.097561,2,주민 대비 사업장 종사자 공급 대리|주민 대비 사업체 공급 대리,candidate_after_validation,low
21090680,해운대구,좌3동,socioeconomic_base,사회·경제,0.5,local_employment_opportunity,지역 고용기회,91.902439,2,주민 대비 사업장 종사자 공급 대리|주민 대비 사업체 공급 대리,candidate_after_validation,low
21150540,사상구,모라3동,socioeconomic_base,사회·경제,0.5,local_employment_opportunity,지역 고용기회,91.170732,2,주민 대비 사업장 종사자 공급 대리|주민 대비 사업체 공급 대리,candidate_after_validation,low
21120600,강서구,명지2동,socioeconomic_base,사회·경제,0.5,local_employment_opportunity,지역 고용기회,90.390244,2,주민 대비 사업장 종사자 공급 대리|주민 대비 사업체 공급 대리,candidate_after_validation,low
21070680,남구,문현3동,socioeconomic_base,사회·경제,0.5,local_employment_opportunity,지역 고용기회,89.609756,2,주민 대비 사업장 종사자 공급 대리|주민 대비 사업체 공급 대리,candidate_after_validation,low
21130570,연제구,연산3동,socioeconomic_base,사회·경제,0.5,local_employment_opportunity,지역 고용기회,88.92683,2,주민 대비 사업장 종사자 공급 대리|주민 대비 사업체 공급 대리,candidate_after_validation,low
21050840,부산진구,범천2동,socioeconomic_base,사회·경제,0.5,local_employment_opportunity,지역 고용기회,88.341463,2,주민 대비 사업장 종사자 공급 대리|주민 대비 사업체 공급 대리,candidate_after_validation,low
21060590,동래구,사직2동,socioeconomic_base,사회·경제,0.5,local_employment_opportunity,지역 고용기회,88.292683,2,주민 대비 사업장 종사자 공급 대리|주민 대비 사업체 공급 대리,candidate_after_validation,low
21100540,사하구,괴정4동,socioeconomic_base,사회·경제,0.5,local_employment_opportunity,지역 고용기회,87.51219499999999,2,주민 대비 사업장 종사자 공급 대리|주민 대비 사업체 공급 대리,candidate_after_validation,low
21090620,해운대구,반송2동,socioeconomic_base,사회·경제,0.5,local_employment_opportunity,지역 고용기회,87.121951,2,주민 대비 사업장 종사자 공급 대리|주민 대비 사업체 공급 대리,candidate_after_validation,low
21110700,금정구,구서2동,socioeconomic_base,사회·경제,0.5,local_employment_opportunity,지역 고용기회,86.731707,2,주민 대비 사업장 종사자 공급 대리|주민 대비 사업체 공급 대리,candidate_after_validation,low
21050640,부산진구,부암1동,socioeconomic_base,사회·경제,0.5,local_employment_opportunity,지역 고용기회,85.95122,2,주민 대비 사업장 종사자 공급 대리|주민 대비 사업체 공급 대리,candidate_after_validation,low
21090580,해운대구,반여2동,socioeconomic_base,사회·경제,0.5,local_employment_opportunity,지역 고용기회,85.609756,2,주민 대비 사업장 종사자 공급 대리|주민 대비 사업체 공급 대리,candidate_after_validation,low
21110600,금정구,부곡4동,socioeconomic_base,사회·경제,0.5,local_employment_opportunity,지역 고용기회,84.97560899999999,2,주민 대비 사업장 종사자 공급 대리|주민 대비 사업체 공급 대리,candidate_after_validation,low
21130540,연제구,거제4동,socioeconomic_base,사회·경제,0.5,local_employment_opportunity,지역 고용기회,84.878048,2,주민 대비 사업장 종사자 공급 대리|주민 대비 사업체 공급 대리,candidate_after_validation,low
21050720,부산진구,가야2동,socioeconomic_base,사회·경제,0.5,local_employment_opportunity,지역 고용기회,84.682927,2,주민 대비 사업장 종사자 공급 대리|주민 대비 사업체 공급 대리,candidate_after_validation,low
21070710,남구,우암동,socioeconomic_base,사회·경제,0.5,local_employment_opportunity,지역 고용기회,83.756097,2,주민 대비 사업장 종사자 공급 대리|주민 대비 사업체 공급 대리,candidate_after_validation,low
21080530,북구,구포3동,socioeconomic_base,사회·경제,0.5,local_employment_opportunity,지역 고용기회,83.268293,2,주민 대비 사업장 종사자 공급 대리|주민 대비 사업체 공급 대리,candidate_after_validation,low
21090690,해운대구,좌4동,socioeconomic_base,사회·경제,0.5,local_employment_opportunity,지역 고용기회,82.829269,2,주민 대비 사업장 종사자 공급 대리|주민 대비 사업체 공급 대리,candidate_after_validation,low
21020540,서구,서대신1동,socioeconomic_base,사회·경제,0.5,local_employment_opportunity,지역 고용기회,82.58536600000001,2,주민 대비 사업장 종사자 공급 대리|주민 대비 사업체 공급 대리,candidate_after_validation,low
21150550,사상구,덕포1동,socioeconomic_base,사회·경제,0.5,local_employment_opportunity,지역 고용기회,82.0,2,주민 대비 사업장 종사자 공급 대리|주민 대비 사업체 공급 대리,candidate_after_validation,low
21070660,남구,문현1동,socioeconomic_base,사회·경제,0.5,local_employment_opportunity,지역 고용기회,81.902439,2,주민 대비 사업장 종사자 공급 대리|주민 대비 사업체 공급 대리,candidate_after_validation,low
21090650,해운대구,재송2동,socioeconomic_base,사회·경제,0.5,local_employment_opportunity,지역 고용기회,81.658537,1,주민 대비 사업장 종사자 공급 대리,candidate_after_validation,low
21140540,수영구,망미1동,socioeconomic_base,사회·경제,0.5,local_employment_opportunity,지역 고용기회,81.414635,2,주민 대비 사업장 종사자 공급 대리|주민 대비 사업체 공급 대리,candidate_after_validation,low
21130520,연제구,거제2동,socioeconomic_base,사회·경제,0.5,local_employment_opportunity,지역 고용기회,80.97560999999999,2,주민 대비 사업장 종사자 공급 대리|주민 대비 사업체 공급 대리,candidate_after_validation,low
21070540,남구,대연4동,socioeconomic_base,사회·경제,0.5,local_employment_opportunity,지역 고용기회,80.243903,2,주민 대비 사업장 종사자 공급 대리|주민 대비 사업체 공급 대리,candidate_after_validation,low
21090590,해운대구,반여3동,socioeconomic_base,사회·경제,0.5,local_employment_opportunity,지역 고용기회,80.04878,2,주민 대비 사업장 종사자 공급 대리|주민 대비 사업체 공급 대리,candidate_after_validation,low
21050800,부산진구,당감1동,socioeconomic_base,사회·경제,0.5,local_employment_opportunity,지역 고용기회,79.902439,1,주민 대비 사업장 종사자 공급 대리,candidate_after_validation,low
21040650,영도구,동삼1동,socioeconomic_base,사회·경제,0.5,local_employment_opportunity,지역 고용기회,79.365854,2,주민 대비 사업장 종사자 공급 대리|주민 대비 사업체 공급 대리,candidate_after_validation,low
21060640,동래구,명장2동,socioeconomic_base,사회·경제,0.5,local_employment_opportunity,지역 고용기회,78.439024,2,주민 대비 사업장 종사자 공급 대리|주민 대비 사업체 공급 대리,candidate_after_validation,low
21050550,부산진구,초읍동,socioeconomic_base,사회·경제,0.5,local_employment_opportunity,지역 고용기회,77.365854,2,주민 대비 사업장 종사자 공급 대리|주민 대비 사업체 공급 대리,candidate_after_validation,low
21140560,수영구,광안1동,socioeconomic_base,사회·경제,0.5,local_employment_opportunity,지역 고용기회,76.78048799999999,1,주민 대비 사업장 종사자 공급 대리,candidate_after_validation,low
21090670,해운대구,좌2동,socioeconomic_base,사회·경제,0.5,local_employment_opportunity,지역 고용기회,76.634147,2,주민 대비 사업장 종사자 공급 대리|주민 대비 사업체 공급 대리,candidate_after_validation,low
21070560,남구,대연6동,socioeconomic_base,사회·경제,0.5,local_employment_opportunity,지역 고용기회,75.75609800000001,1,주민 대비 사업체 공급 대리,candidate_after_validation,low
21110610,금정구,장전1동,socioeconomic_base,사회·경제,0.5,local_employment_opportunity,지역 고용기회,74.43902399999999,1,주민 대비 사업장 종사자 공급 대리,candidate_after_validation,low
21020630,서구,초장동,socioeconomic_base,사회·경제,0.5,local_employment_opportunity,지역 고용기회,73.853659,2,주민 대비 사업장 종사자 공급 대리|주민 대비 사업체 공급 대리,candidate_after_validation,low
21060570,동래구,온천3동,socioeconomic_base,사회·경제,0.5,local_employment_opportunity,지역 고용기회,73.756098,2,주민 대비 사업장 종사자 공급 대리|주민 대비 사업체 공급 대리,candidate_after_validation,low
21040680,영도구,신선동,socioeconomic_base,사회·경제,0.5,local_employment_opportunity,지역 고용기회,73.02439,2,주민 대비 사업장 종사자 공급 대리|주민 대비 사업체 공급 대리,candidate_after_validation,low
21150600,사상구,주례1동,socioeconomic_base,사회·경제,0.5,local_employment_opportunity,지역 고용기회,73.02439,1,주민 대비 사업장 종사자 공급 대리,candidate_after_validation,low
21040670,영도구,동삼3동,socioeconomic_base,사회·경제,0.5,local_employment_opportunity,지역 고용기회,72.829268,1,주민 대비 사업체 공급 대리,candidate_after_validation,low
21060550,동래구,온천1동,socioeconomic_base,사회·경제,0.5,local_employment_opportunity,지역 고용기회,72.487805,1,주민 대비 사업장 종사자 공급 대리,candidate_after_validation,low
21020570,서구,서대신4동,socioeconomic_base,사회·경제,0.5,local_employment_opportunity,지역 고용기회,72.292682,1,주민 대비 사업체 공급 대리,candidate_after_validation,low
21090750,해운대구,우3동,socioeconomic_base,사회·경제,0.5,local_employment_opportunity,지역 고용기회,71.804878,1,주민 대비 사업장 종사자 공급 대리,candidate_after_validation,low
21100510,사하구,괴정1동,socioeconomic_base,사회·경제,0.5,local_employment_opportunity,지역 고용기회,71.560976,1,주민 대비 사업장 종사자 공급 대리,candidate_after_validation,low
21130600,연제구,연산6동,socioeconomic_base,사회·경제,0.5,local_employment_opportunity,지역 고용기회,70.634146,1,주민 대비 사업장 종사자 공급 대리,candidate_after_validation,low
21030680,동구,범일5동,socioeconomic_base,사회·경제,0.5,local_employment_opportunity,지역 고용기회,70.585366,1,주민 대비 사업체 공급 대리,candidate_after_validation,low
21090540,해운대구,중2동,socioeconomic_base,사회·경제,0.5,local_employment_opportunity,지역 고용기회,70.585366,1,주민 대비 사업장 종사자 공급 대리,candidate_after_validation,low
21140590,수영구,광안4동,socioeconomic_base,사회·경제,0.5,local_employment_opportunity,지역 고용기회,68.292683,1,주민 대비 사업장 종사자 공급 대리,monitor,low
21080630,북구,화명3동,socioeconomic_base,사회·경제,0.5,local_employment_opportunity,지역 고용기회,67.512195,0,,monitor,low
21090700,해운대구,반여1동,socioeconomic_base,사회·경제,0.5,local_employment_opportunity,지역 고용기회,67.512195,1,주민 대비 사업장 종사자 공급 대리,monitor,low
21070630,남구,감만2동,socioeconomic_base,사회·경제,0.5,local_employment_opportunity,지역 고용기회,66.78048799999999,0,,monitor,low
21030700,동구,좌천동,socioeconomic_base,사회·경제,0.5,local_employment_opportunity,지역 고용기회,66.634146,1,주민 대비 사업체 공급 대리,monitor,low
21120590,강서구,명지1동,socioeconomic_base,사회·경제,0.5,local_employment_opportunity,지역 고용기회,66.14634099999999,1,주민 대비 사업장 종사자 공급 대리,monitor,low
21510111,기장군,일광읍,socioeconomic_base,사회·경제,0.5,local_employment_opportunity,지역 고용기회,65.07317,0,,monitor,low
21020690,서구,남부민2동,socioeconomic_base,사회·경제,0.5,local_employment_opportunity,지역 고용기회,65.02439000000001,0,,monitor,low
21040550,영도구,영선2동,socioeconomic_base,사회·경제,0.5,local_employment_opportunity,지역 고용기회,64.878049,1,주민 대비 사업장 종사자 공급 대리,monitor,low
21020560,서구,서대신3동,socioeconomic_base,사회·경제,0.5,local_employment_opportunity,지역 고용기회,64.48780500000001,0,,monitor,low
21010600,중구,영주2동,socioeconomic_base,사회·경제,0.5,local_employment_opportunity,지역 고용기회,63.902439,1,주민 대비 사업체 공급 대리,monitor,low
21080520,북구,구포2동,socioeconomic_base,사회·경제,0.5,local_employment_opportunity,지역 고용기회,63.512195000000006,0,,monitor,low
21060620,동래구,안락2동,socioeconomic_base,사회·경제,0.5,local_employment_opportunity,지역 고용기회,63.317073,0,,monitor,low
21100660,사하구,감천2동,socioeconomic_base,사회·경제,0.5,local_employment_opportunity,지역 고용기회,62.341464,1,주민 대비 사업장 종사자 공급 대리,monitor,low
21510130,기장군,정관읍,socioeconomic_base,사회·경제,0.5,local_employment_opportunity,지역 고용기회,61.90244,1,주민 대비 사업체 공급 대리,monitor,low
21020520,서구,동대신2동,socioeconomic_base,사회·경제,0.5,local_employment_opportunity,지역 고용기회,61.902439,0,,monitor,low
21110580,금정구,부곡2동,socioeconomic_base,사회·경제,0.5,local_employment_opportunity,지역 고용기회,61.414635000000004,0,,monitor,low
21030600,동구,수정5동,socioeconomic_base,사회·경제,0.5,local_employment_opportunity,지역 고용기회,60.146341,0,,monitor,low
21030710,동구,범일1동,socioeconomic_base,사회·경제,0.5,local_employment_opportunity,지역 고용기회,60.14634099999999,0,,monitor,low
21050680,부산진구,당감2동,socioeconomic_base,사회·경제,0.5,local_employment_opportunity,지역 고용기회,59.268293,1,주민 대비 사업체 공급 대리,monitor,low
21060600,동래구,사직3동,socioeconomic_base,사회·경제,0.5,local_employment_opportunity,지역 고용기회,58.97561,0,,monitor,low
21130620,연제구,연산8동,socioeconomic_base,사회·경제,0.5,local_employment_opportunity,지역 고용기회,58.536586,0,,monitor,low
21020510,서구,동대신1동,socioeconomic_base,사회·경제,0.5,local_employment_opportunity,지역 고용기회,58.04878,0,,monitor,low
21050700,부산진구,당감4동,socioeconomic_base,사회·경제,0.5,local_employment_opportunity,지역 고용기회,58.0,0,,monitor,low
21030590,동구,수정4동,socioeconomic_base,사회·경제,0.5,local_employment_opportunity,지역 고용기회,57.902439,0,,monitor,low
21070600,남구,용호4동,socioeconomic_base,사회·경제,0.5,local_employment_opportunity,지역 고용기회,57.560975,1,주민 대비 사업체 공급 대리,monitor,low
21050750,부산진구,개금2동,socioeconomic_base,사회·경제,0.5,local_employment_opportunity,지역 고용기회,57.024390999999994,1,주민 대비 사업체 공급 대리,monitor,low
21100550,사하구,당리동,socioeconomic_base,사회·경제,0.5,local_employment_opportunity,지역 고용기회,56.829268,0,,monitor,low
21100620,사하구,다대1동,socioeconomic_base,사회·경제,0.5,local_employment_opportunity,지역 고용기회,55.853659,1,주민 대비 사업체 공급 대리,monitor,low
21110570,금정구,부곡1동,socioeconomic_base,사회·경제,0.5,local_employment_opportunity,지역 고용기회,55.658536999999995,0,,monitor,low
21030550,동구,초량6동,socioeconomic_base,사회·경제,0.5,local_employment_opportunity,지역 고용기회,55.365854,0,,monitor,low
21130560,연제구,연산2동,socioeconomic_base,사회·경제,0.5,local_employment_opportunity,지역 고용기회,55.31707299999999,1,주민 대비 사업체 공급 대리,monitor,low
21080560,북구,덕천1동,socioeconomic_base,사회·경제,0.5,local_employment_opportunity,지역 고용기회,55.219512,1,주민 대비 사업체 공급 대리,monitor,low
21120530,강서구,강동동,socioeconomic_base,사회·경제,0.5,local_employment_opportunity,지역 고용기회,54.634146,0,,monitor,low
21070590,남구,용호3동,socioeconomic_base,사회·경제,0.5,local_employment_opportunity,지역 고용기회,54.487804,0,,monitor,low
21060560,동래구,온천2동,socioeconomic_base,사회·경제,0.5,local_employment_opportunity,지역 고용기회,53.414635000000004,0,,monitor,low
21010540,중구,보수동,socioeconomic_base,사회·경제,0.5,local_employment_opportunity,지역 고용기회,53.073170000000005,0,,monitor,low
21060630,동래구,명장1동,socioeconomic_base,사회·경제,0.5,local_employment_opportunity,지역 고용기회,52.878049000000004,0,,monitor,low
21130630,연제구,연산9동,socioeconomic_base,사회·경제,0.5,local_employment_opportunity,지역 고용기회,51.853659,0,,monitor,low
21100530,사하구,괴정3동,socioeconomic_base,사회·경제,0.5,local_employment_opportunity,지역 고용기회,51.804878,0,,monitor,low
21110510,금정구,서1동,socioeconomic_base,사회·경제,0.5,local_employment_opportunity,지역 고용기회,50.926829,0,,monitor,low
21070550,남구,대연5동,socioeconomic_base,사회·경제,0.5,local_employment_opportunity,지역 고용기회,50.731707,0,,monitor,low
21150610,사상구,주례2동,socioeconomic_base,사회·경제,0.5,local_employment_opportunity,지역 고용기회,50.682927,0,,monitor,low
21100650,사하구,감천1동,socioeconomic_base,사회·경제,0.5,local_employment_opportunity,지역 고용기회,50.390243999999996,0,,monitor,low
21140520,수영구,남천2동,socioeconomic_base,사회·경제,0.5,local_employment_opportunity,지역 고용기회,50.195122,1,주민 대비 사업체 공급 대리,monitor,low
21150620,사상구,주례3동,socioeconomic_base,사회·경제,0.5,local_employment_opportunity,지역 고용기회,49.804878,0,,monitor,low
21050740,부산진구,개금1동,socioeconomic_base,사회·경제,0.5,local_employment_opportunity,지역 고용기회,49.756097,0,,monitor,low
21100560,사하구,하단1동,socioeconomic_base,사회·경제,0.5,local_employment_opportunity,지역 고용기회,49.609756,0,,monitor,low
21110520,금정구,서2동,socioeconomic_base,사회·경제,0.5,local_employment_opportunity,지역 고용기회,48.975609999999996,0,,monitor,low
21100610,사하구,장림2동,socioeconomic_base,사회·경제,0.5,local_employment_opportunity,지역 고용기회,48.731707,0,,monitor,low
21130550,연제구,연산1동,socioeconomic_base,사회·경제,0.5,local_employment_opportunity,지역 고용기회,48.585366,0,,monitor,low
21140600,수영구,민락동,socioeconomic_base,사회·경제,0.5,local_employment_opportunity,지역 고용기회,46.780488,0,,monitor,low
21050810,부산진구,가야1동,socioeconomic_base,사회·경제,0.5,local_employment_opportunity,지역 고용기회,46.536586,0,,monitor,low
21040640,영도구,청학2동,socioeconomic_base,사회·경제,0.5,local_employment_opportunity,지역 고용기회,46.097561,0,,monitor,low
21060520,동래구,복산동,socioeconomic_base,사회·경제,0.5,local_employment_opportunity,지역 고용기회,45.756097,0,,monitor,low
21060650,동래구,명륜동,socioeconomic_base,사회·경제,0.5,local_employment_opportunity,지역 고용기회,45.463414,0,,monitor,low
21030560,동구,수정1동,socioeconomic_base,사회·경제,0.5,local_employment_opportunity,지역 고용기회,44.536585,0,,monitor,low
21150640,사상구,엄궁동,socioeconomic_base,사회·경제,0.5,local_employment_opportunity,지역 고용기회,44.341463000000005,0,,monitor,low
21050570,부산진구,양정2동,socioeconomic_base,사회·경제,0.5,local_employment_opportunity,지역 고용기회,41.902439,0,,monitor,low
21040630,영도구,청학1동,socioeconomic_base,사회·경제,0.5,local_employment_opportunity,지역 고용기회,41.512195,0,,monitor,low
21070700,남구,대연1동,socioeconomic_base,사회·경제,0.5,local_employment_opportunity,지역 고용기회,41.073171,0,,monitor,low
21060510,동래구,수민동,socioeconomic_base,사회·경제,0.5,local_employment_opportunity,지역 고용기회,40.390243999999996,0,,monitor,low
21080510,북구,구포1동,socioeconomic_base,사회·경제,0.5,local_employment_opportunity,지역 고용기회,40.341463000000005,0,,monitor,low
21110720,금정구,서3동,socioeconomic_base,사회·경제,0.5,local_employment_opportunity,지역 고용기회,39.170732,0,,monitor,low
21140570,수영구,광안2동,socioeconomic_base,사회·경제,0.5,local_employment_opportunity,지역 고용기회,38.682926,0,,monitor,low
21120562,강서구,신호동,socioeconomic_base,사회·경제,0.5,local_employment_opportunity,지역 고용기회,38.341464,0,,monitor,low
21040690,영도구,봉래2동,socioeconomic_base,사회·경제,0.5,local_employment_opportunity,지역 고용기회,37.95122,1,주민 대비 사업체 공급 대리,monitor,low
21510330,기장군,철마면,socioeconomic_base,사회·경제,0.5,local_employment_opportunity,지역 고용기회,37.414634,0,,monitor,low
21140550,수영구,망미2동,socioeconomic_base,사회·경제,0.5,local_employment_opportunity,지역 고용기회,37.268293,0,,monitor,low
21110670,금정구,청룡노포동,socioeconomic_base,사회·경제,0.5,local_employment_opportunity,지역 고용기회,36.243902,0,,monitor,low
21100570,사하구,하단2동,socioeconomic_base,사회·경제,0.5,local_employment_opportunity,지역 고용기회,35.902439,0,,monitor,low
21060580,동래구,사직1동,socioeconomic_base,사회·경제,0.5,local_employment_opportunity,지역 고용기회,34.975609,0,,monitor,low
21090660,해운대구,좌1동,socioeconomic_base,사회·경제,0.5,local_employment_opportunity,지역 고용기회,34.926829,0,,monitor,low
21110590,금정구,부곡3동,socioeconomic_base,사회·경제,0.5,local_employment_opportunity,지역 고용기회,34.536585,0,,monitor,low
21070620,남구,감만1동,socioeconomic_base,사회·경제,0.5,local_employment_opportunity,지역 고용기회,33.951219,0,,monitor,low
21110740,금정구,장전2동,socioeconomic_base,사회·경제,0.5,local_employment_opportunity,지역 고용기회,33.658537,0,,monitor,low
21110680,금정구,남산동,socioeconomic_base,사회·경제,0.5,local_employment_opportunity,지역 고용기회,33.414634,0,,monitor,low
21140530,수영구,수영동,socioeconomic_base,사회·경제,0.5,local_employment_opportunity,지역 고용기회,33.268293,0,,monitor,low
21090730,해운대구,우1동,socioeconomic_base,사회·경제,0.5,local_employment_opportunity,지역 고용기회,33.02439,0,,monitor,low
21510110,기장군,기장읍,socioeconomic_base,사회·경제,0.5,local_employment_opportunity,지역 고용기회,32.682927,0,,monitor,low
21100590,사하구,신평2동,socioeconomic_base,사회·경제,0.5,local_employment_opportunity,지역 고용기회,31.804878000000002,0,,monitor,low
21090560,해운대구,송정동,socioeconomic_base,사회·경제,0.5,local_employment_opportunity,지역 고용기회,31.170732,0,,monitor,low
21050560,부산진구,양정1동,socioeconomic_base,사회·경제,0.5,local_employment_opportunity,지역 고용기회,30.926828999999998,0,,monitor,low
21070530,남구,대연3동,socioeconomic_base,사회·경제,0.5,local_employment_opportunity,지역 고용기회,30.878049,0,,monitor,low
21110710,금정구,금성동,socioeconomic_base,사회·경제,0.5,local_employment_opportunity,지역 고용기회,30.682927000000003,0,,monitor,low
21040540,영도구,영선1동,socioeconomic_base,사회·경제,0.5,local_employment_opportunity,지역 고용기회,30.634147,0,,monitor,low
21020590,서구,부민동,socioeconomic_base,사회·경제,0.5,local_employment_opportunity,지역 고용기회,30.341464,0,,monitor,low
21020650,서구,남부민1동,socioeconomic_base,사회·경제,0.5,local_employment_opportunity,지역 고용기회,29.170731000000004,0,,monitor,low
21020610,서구,아미동,socioeconomic_base,사회·경제,0.5,local_employment_opportunity,지역 고용기회,29.121951,0,,monitor,low
21150520,사상구,모라1동,socioeconomic_base,사회·경제,0.5,local_employment_opportunity,지역 고용기회,28.926829,0,,monitor,low
21020530,서구,동대신3동,socioeconomic_base,사회·경제,0.5,local_employment_opportunity,지역 고용기회,28.585366,0,,monitor,low
21110690,금정구,구서1동,socioeconomic_base,사회·경제,0.5,local_employment_opportunity,지역 고용기회,27.853658,0,,monitor,low
21010590,중구,영주1동,socioeconomic_base,사회·경제,0.5,local_employment_opportunity,지역 고용기회,26.878048999999997,0,,monitor,low
21020680,서구,암남동,socioeconomic_base,사회·경제,0.5,local_employment_opportunity,지역 고용기회,26.731707,0,,monitor,low
21090720,해운대구,반송1동,socioeconomic_base,사회·경제,0.5,local_employment_opportunity,지역 고용기회,25.756098,0,,monitor,low
21070690,남구,문현4동,socioeconomic_base,사회·경제,0.5,local_employment_opportunity,지역 고용기회,25.365854000000002,0,,monitor,low
21030520,동구,초량2동,socioeconomic_base,사회·경제,0.5,local_employment_opportunity,지역 고용기회,25.268293,0,,monitor,low
21050830,부산진구,전포1동,socioeconomic_base,사회·경제,0.5,local_employment_opportunity,지역 고용기회,24.878049,0,,monitor,low
21010530,중구,대청동,socioeconomic_base,사회·경제,0.5,local_employment_opportunity,지역 고용기회,24.731707,0,,monitor,low
21090530,해운대구,중1동,socioeconomic_base,사회·경제,0.5,local_employment_opportunity,지역 고용기회,24.731707,0,,monitor,low
21090640,해운대구,재송1동,socioeconomic_base,사회·경제,0.5,local_employment_opportunity,지역 고용기회,24.585366,0,,monitor,low
21130580,연제구,연산4동,socioeconomic_base,사회·경제,0.5,local_employment_opportunity,지역 고용기회,23.95122,0,,monitor,low
21040660,영도구,동삼2동,socioeconomic_base,사회·경제,0.5,local_employment_opportunity,지역 고용기회,22.585366,0,,monitor,low
21100640,사하구,구평동,socioeconomic_base,사회·경제,0.5,local_employment_opportunity,지역 고용기회,20.878049,0,,monitor,low
21100580,사하구,신평1동,socioeconomic_base,사회·경제,0.5,local_employment_opportunity,지역 고용기회,20.829269,0,,monitor,low
21130530,연제구,거제3동,socioeconomic_base,사회·경제,0.5,local_employment_opportunity,지역 고용기회,20.780487,0,,monitor,low
21050610,부산진구,전포2동,socioeconomic_base,사회·경제,0.5,local_employment_opportunity,지역 고용기회,20.585366,0,,monitor,low
21060610,동래구,안락1동,socioeconomic_base,사회·경제,0.5,local_employment_opportunity,지역 고용기회,19.707317,0,,monitor,low
21130510,연제구,거제1동,socioeconomic_base,사회·경제,0.5,local_employment_opportunity,지역 고용기회,19.073171000000002,0,,monitor,low
21020640,서구,충무동,socioeconomic_base,사회·경제,0.5,local_employment_opportunity,지역 고용기회,18.195122,0,,monitor,low
21140510,수영구,남천1동,socioeconomic_base,사회·경제,0.5,local_employment_opportunity,지역 고용기회,17.804878,0,,monitor,low
21120580,강서구,가덕도동,socioeconomic_base,사회·경제,0.5,local_employment_opportunity,지역 고용기회,17.512196000000003,0,,monitor,low
21100600,사하구,장림1동,socioeconomic_base,사회·경제,0.5,local_employment_opportunity,지역 고용기회,17.268292000000002,0,,monitor,low
21150630,사상구,학장동,socioeconomic_base,사회·경제,0.5,local_employment_opportunity,지역 고용기회,16.731707,0,,monitor,low
21150560,사상구,덕포2동,socioeconomic_base,사회·경제,0.5,local_employment_opportunity,지역 고용기회,16.341464,0,,monitor,low
21040590,영도구,봉래1동,socioeconomic_base,사회·경제,0.5,local_employment_opportunity,지역 고용기회,16.04878,0,,monitor,low
21030570,동구,수정2동,socioeconomic_base,사회·경제,0.5,local_employment_opportunity,지역 고용기회,15.902439,0,,monitor,low
21150570,사상구,괘법동,socioeconomic_base,사회·경제,0.5,local_employment_opportunity,지역 고용기회,13.609756,0,,monitor,low
21070670,남구,문현2동,socioeconomic_base,사회·경제,0.5,local_employment_opportunity,지역 고용기회,13.317073,0,,monitor,low
21080570,북구,덕천2동,socioeconomic_base,사회·경제,0.5,local_employment_opportunity,지역 고용기회,12.829269,0,,monitor,low
21070610,남구,용당동,socioeconomic_base,사회·경제,0.5,local_employment_opportunity,지역 고용기회,12.487805,0,,monitor,low
21110640,금정구,선두구동,socioeconomic_base,사회·경제,0.5,local_employment_opportunity,지역 고용기회,12.292683,0,,monitor,low
21010520,중구,동광동,socioeconomic_base,사회·경제,0.5,local_employment_opportunity,지역 고용기회,11.756097,0,,monitor,low
21140580,수영구,광안3동,socioeconomic_base,사회·경제,0.5,local_employment_opportunity,지역 고용기회,11.121951,0,,monitor,low
21090740,해운대구,우2동,socioeconomic_base,사회·경제,0.5,local_employment_opportunity,지역 고용기회,9.609756,0,,monitor,low
21120550,강서구,가락동,socioeconomic_base,사회·경제,0.5,local_employment_opportunity,지역 고용기회,9.365854,0,,monitor,low
21010560,중구,부평동,socioeconomic_base,사회·경제,0.5,local_employment_opportunity,지역 고용기회,8.97561,0,,monitor,low
21130590,연제구,연산5동,socioeconomic_base,사회·경제,0.5,local_employment_opportunity,지역 고용기회,8.829269,0,,monitor,low
21040530,영도구,남항동,socioeconomic_base,사회·경제,0.5,local_employment_opportunity,지역 고용기회,8.585366,0,,monitor,low
21030510,동구,초량1동,socioeconomic_base,사회·경제,0.5,local_employment_opportunity,지역 고용기회,7.4146339999999995,0,,monitor,low
21050770,부산진구,범천1동,socioeconomic_base,사회·경제,0.5,local_employment_opportunity,지역 고용기회,6.341463,0,,monitor,low
21010570,중구,광복동,socioeconomic_base,사회·경제,0.5,local_employment_opportunity,지역 고용기회,5.853658,0,,monitor,low
21150510,사상구,삼락동,socioeconomic_base,사회·경제,0.5,local_employment_opportunity,지역 고용기회,5.707317,0,,monitor,low
21030530,동구,초량3동,socioeconomic_base,사회·경제,0.5,local_employment_opportunity,지역 고용기회,5.512195,0,,monitor,low
21110730,금정구,금사회동동,socioeconomic_base,사회·경제,0.5,local_employment_opportunity,지역 고용기회,5.121950999999999,0,,monitor,low
21050820,부산진구,부전1동,socioeconomic_base,사회·경제,0.5,local_employment_opportunity,지역 고용기회,5.073171,0,,monitor,low
21510120,기장군,장안읍,socioeconomic_base,사회·경제,0.5,local_employment_opportunity,지역 고용기회,4.878049,0,,monitor,low
21010580,중구,남포동,socioeconomic_base,사회·경제,0.5,local_employment_opportunity,지역 고용기회,3.853658,0,,monitor,low
21050520,부산진구,부전2동,socioeconomic_base,사회·경제,0.5,local_employment_opportunity,지역 고용기회,3.219512,0,,monitor,low
21150650,사상구,감전동,socioeconomic_base,사회·경제,0.5,local_employment_opportunity,지역 고용기회,2.2926830000000002,0,,monitor,low
21120510,강서구,대저1동,socioeconomic_base,사회·경제,0.5,local_employment_opportunity,지역 고용기회,2.243903,0,,monitor,low
21120561,강서구,녹산동,socioeconomic_base,사회·경제,0.5,local_employment_opportunity,지역 고용기회,1.365853,0,,monitor,low
21030660,동구,범일2동,socioeconomic_base,사회·경제,0.5,local_employment_opportunity,지역 고용기회,1.317073,0,,monitor,low
21120520,강서구,대저2동,socioeconomic_base,사회·경제,0.5,local_employment_opportunity,지역 고용기회,0.8292679999999999,0,,monitor,low
21010510,중구,중앙동,socioeconomic_base,사회·경제,0.5,local_employment_opportunity,지역 고용기회,0.0,0,,monitor,low
21130590,연제구,연산5동,safety,안전,0.5,traffic_accident_risk,교통사고 위험,100.0,1,선정 교통사고 다발지점 사고 발생 건수,candidate_after_validation,low
21030530,동구,초량3동,safety,안전,0.5,traffic_accident_risk,교통사고 위험,97.560976,1,선정 교통사고 다발지점 사고 발생 건수,candidate_after_validation,low
21080570,북구,덕천2동,safety,안전,0.5,traffic_accident_risk,교통사고 위험,95.121951,1,선정 교통사고 다발지점 사고 발생 건수,candidate_after_validation,low
21510110,기장군,기장읍,safety,안전,0.5,traffic_accident_risk,교통사고 위험,92.682927,1,선정 교통사고 다발지점 사고 발생 건수,candidate_after_validation,low
21060570,동래구,온천3동,safety,안전,0.5,traffic_accident_risk,교통사고 위험,90.243902,1,선정 교통사고 다발지점 사고 발생 건수,candidate_after_validation,low
21050770,부산진구,범천1동,safety,안전,0.5,traffic_accident_risk,교통사고 위험,87.804878,1,선정 교통사고 다발지점 사고 발생 건수,candidate_after_validation,low
21050520,부산진구,부전2동,safety,안전,0.5,traffic_accident_risk,교통사고 위험,85.365854,1,선정 교통사고 다발지점 사고 발생 건수,candidate_after_validation,low
21050640,부산진구,부암1동,safety,안전,0.5,traffic_accident_risk,교통사고 위험,82.926829,1,선정 교통사고 다발지점 사고 발생 건수,candidate_after_validation,low
21020640,서구,충무동,safety,안전,0.5,traffic_accident_risk,교통사고 위험,79.268293,1,선정 교통사고 다발지점 사고 발생 건수,candidate_after_validation,low
21140570,수영구,광안2동,safety,안전,0.5,traffic_accident_risk,교통사고 위험,79.268293,1,선정 교통사고 다발지점 사고 발생 건수,candidate_after_validation,low
21100560,사하구,하단1동,safety,안전,0.5,traffic_accident_risk,교통사고 위험,74.390244,1,선정 교통사고 다발지점 사고 발생 건수,candidate_after_validation,low
21150570,사상구,괘법동,safety,안전,0.5,traffic_accident_risk,교통사고 위험,74.390244,1,선정 교통사고 다발지점 사고 발생 건수,candidate_after_validation,low
21080630,북구,화명3동,safety,안전,0.5,traffic_accident_risk,교통사고 위험,68.292683,0,,monitor,low
21110520,금정구,서2동,safety,안전,0.5,traffic_accident_risk,교통사고 위험,68.292683,0,,monitor,low
21140510,수영구,남천1동,safety,안전,0.5,traffic_accident_risk,교통사고 위험,68.292683,0,,monitor,low
21140580,수영구,광안3동,safety,안전,0.5,traffic_accident_risk,교통사고 위험,63.414634,0,,monitor,low
21010580,중구,남포동,safety,안전,0.5,traffic_accident_risk,교통사고 위험,60.97561,0,,monitor,low
21010510,중구,중앙동,safety,안전,0.5,traffic_accident_risk,교통사고 위험,57.317073,0,,monitor,low
21070670,남구,문현2동,safety,안전,0.5,traffic_accident_risk,교통사고 위험,57.317073,0,,monitor,low
21020540,서구,서대신1동,safety,안전,0.5,traffic_accident_risk,교통사고 위험,51.219512,0,,monitor,low
21030520,동구,초량2동,safety,안전,0.5,traffic_accident_risk,교통사고 위험,51.219512,0,,monitor,low
21100510,사하구,괴정1동,safety,안전,0.5,traffic_accident_risk,교통사고 위험,51.219512,0,,monitor,low
21040530,영도구,남항동,safety,안전,0.5,traffic_accident_risk,교통사고 위험,46.341463,0,,monitor,low
21070550,남구,대연5동,safety,안전,0.5,traffic_accident_risk,교통사고 위험,43.902439,0,,monitor,low
21070570,남구,용호1동,safety,안전,0.5,traffic_accident_risk,교통사고 위험,41.463415,0,,monitor,low
21100550,사하구,당리동,safety,안전,0.5,traffic_accident_risk,교통사고 위험,39.02439,0,,monitor,low
21060610,동래구,안락1동,safety,안전,0.5,traffic_accident_risk,교통사고 위험,35.365854,0,,monitor,low
21120600,강서구,명지2동,safety,안전,0.5,traffic_accident_risk,교통사고 위험,35.365854,0,,monitor,low
21010520,중구,동광동,safety,안전,0.5,traffic_accident_risk,교통사고 위험,29.268293,0,,monitor,low
21090700,해운대구,반여1동,safety,안전,0.5,traffic_accident_risk,교통사고 위험,29.268293,0,,monitor,low
21130530,연제구,거제3동,safety,안전,0.5,traffic_accident_risk,교통사고 위험,29.268293,0,,monitor,low
21020680,서구,암남동,safety,안전,0.5,traffic_accident_risk,교통사고 위험,24.390244,0,,monitor,low
21040540,영도구,영선1동,safety,안전,0.5,traffic_accident_risk,교통사고 위험,19.512195,0,,monitor,low
21060560,동래구,온천2동,safety,안전,0.5,traffic_accident_risk,교통사고 위험,19.512195,0,,monitor,low
21130580,연제구,연산4동,safety,안전,0.5,traffic_accident_risk,교통사고 위험,19.512195,0,,monitor,low
21110590,금정구,부곡3동,safety,안전,0.5,traffic_accident_risk,교통사고 위험,14.634146,0,,monitor,low
21150510,사상구,삼락동,safety,안전,0.5,traffic_accident_risk,교통사고 위험,12.195122,0,,monitor,low
21110740,금정구,장전2동,safety,안전,0.5,traffic_accident_risk,교통사고 위험,9.756098,0,,monitor,low
21090640,해운대구,재송1동,safety,안전,0.5,traffic_accident_risk,교통사고 위험,6.097561,0,,monitor,low
21090740,해운대구,우2동,safety,안전,0.5,traffic_accident_risk,교통사고 위험,6.097561,0,,monitor,low
21120561,강서구,녹산동,safety,안전,0.5,traffic_accident_risk,교통사고 위험,2.439024,0,,monitor,low
21010530,중구,대청동,safety,안전,0.5,traffic_accident_risk,교통사고 위험,0.0,0,,monitor,low
21010540,중구,보수동,safety,안전,0.5,traffic_accident_risk,교통사고 위험,0.0,0,,monitor,low
21010560,중구,부평동,safety,안전,0.5,traffic_accident_risk,교통사고 위험,0.0,0,,monitor,low
21010570,중구,광복동,safety,안전,0.5,traffic_accident_risk,교통사고 위험,0.0,0,,monitor,low
21010590,중구,영주1동,safety,안전,0.5,traffic_accident_risk,교통사고 위험,0.0,0,,monitor,low
21010600,중구,영주2동,safety,안전,0.5,traffic_accident_risk,교통사고 위험,0.0,0,,monitor,low
21020510,서구,동대신1동,safety,안전,0.5,traffic_accident_risk,교통사고 위험,0.0,0,,monitor,low
21020520,서구,동대신2동,safety,안전,0.5,traffic_accident_risk,교통사고 위험,0.0,0,,monitor,low
21020530,서구,동대신3동,safety,안전,0.5,traffic_accident_risk,교통사고 위험,0.0,0,,monitor,low
21020560,서구,서대신3동,safety,안전,0.5,traffic_accident_risk,교통사고 위험,0.0,0,,monitor,low
21020570,서구,서대신4동,safety,안전,0.5,traffic_accident_risk,교통사고 위험,0.0,0,,monitor,low
21020590,서구,부민동,safety,안전,0.5,traffic_accident_risk,교통사고 위험,0.0,0,,monitor,low
21020610,서구,아미동,safety,안전,0.5,traffic_accident_risk,교통사고 위험,0.0,0,,monitor,low
21020630,서구,초장동,safety,안전,0.5,traffic_accident_risk,교통사고 위험,0.0,0,,monitor,low
21020650,서구,남부민1동,safety,안전,0.5,traffic_accident_risk,교통사고 위험,0.0,0,,monitor,low
21020690,서구,남부민2동,safety,안전,0.5,traffic_accident_risk,교통사고 위험,0.0,0,,monitor,low
21030510,동구,초량1동,safety,안전,0.5,traffic_accident_risk,교통사고 위험,0.0,0,,monitor,low
21030550,동구,초량6동,safety,안전,0.5,traffic_accident_risk,교통사고 위험,0.0,0,,monitor,low
21030560,동구,수정1동,safety,안전,0.5,traffic_accident_risk,교통사고 위험,0.0,0,,monitor,low
21030570,동구,수정2동,safety,안전,0.5,traffic_accident_risk,교통사고 위험,0.0,0,,monitor,low
21030590,동구,수정4동,safety,안전,0.5,traffic_accident_risk,교통사고 위험,0.0,0,,monitor,low
21030600,동구,수정5동,safety,안전,0.5,traffic_accident_risk,교통사고 위험,0.0,0,,monitor,low
21030660,동구,범일2동,safety,안전,0.5,traffic_accident_risk,교통사고 위험,0.0,0,,monitor,low
21030680,동구,범일5동,safety,안전,0.5,traffic_accident_risk,교통사고 위험,0.0,0,,monitor,low
21030700,동구,좌천동,safety,안전,0.5,traffic_accident_risk,교통사고 위험,0.0,0,,monitor,low
21030710,동구,범일1동,safety,안전,0.5,traffic_accident_risk,교통사고 위험,0.0,0,,monitor,low
21040550,영도구,영선2동,safety,안전,0.5,traffic_accident_risk,교통사고 위험,0.0,0,,monitor,low
21040590,영도구,봉래1동,safety,안전,0.5,traffic_accident_risk,교통사고 위험,0.0,0,,monitor,low
21040630,영도구,청학1동,safety,안전,0.5,traffic_accident_risk,교통사고 위험,0.0,0,,monitor,low
21040640,영도구,청학2동,safety,안전,0.5,traffic_accident_risk,교통사고 위험,0.0,0,,monitor,low
21040650,영도구,동삼1동,safety,안전,0.5,traffic_accident_risk,교통사고 위험,0.0,0,,monitor,low
21040660,영도구,동삼2동,safety,안전,0.5,traffic_accident_risk,교통사고 위험,0.0,0,,monitor,low
21040670,영도구,동삼3동,safety,안전,0.5,traffic_accident_risk,교통사고 위험,0.0,0,,monitor,low
21040680,영도구,신선동,safety,안전,0.5,traffic_accident_risk,교통사고 위험,0.0,0,,monitor,low
21040690,영도구,봉래2동,safety,안전,0.5,traffic_accident_risk,교통사고 위험,0.0,0,,monitor,low
21050540,부산진구,연지동,safety,안전,0.5,traffic_accident_risk,교통사고 위험,0.0,0,,monitor,low
21050550,부산진구,초읍동,safety,안전,0.5,traffic_accident_risk,교통사고 위험,0.0,0,,monitor,low
21050560,부산진구,양정1동,safety,안전,0.5,traffic_accident_risk,교통사고 위험,0.0,0,,monitor,low
21050570,부산진구,양정2동,safety,안전,0.5,traffic_accident_risk,교통사고 위험,0.0,0,,monitor,low
21050610,부산진구,전포2동,safety,안전,0.5,traffic_accident_risk,교통사고 위험,0.0,0,,monitor,low
21050660,부산진구,부암3동,safety,안전,0.5,traffic_accident_risk,교통사고 위험,0.0,0,,monitor,low
21050680,부산진구,당감2동,safety,안전,0.5,traffic_accident_risk,교통사고 위험,0.0,0,,monitor,low
21050700,부산진구,당감4동,safety,안전,0.5,traffic_accident_risk,교통사고 위험,0.0,0,,monitor,low
21050720,부산진구,가야2동,safety,안전,0.5,traffic_accident_risk,교통사고 위험,0.0,0,,monitor,low
21050740,부산진구,개금1동,safety,안전,0.5,traffic_accident_risk,교통사고 위험,0.0,0,,monitor,low
21050750,부산진구,개금2동,safety,안전,0.5,traffic_accident_risk,교통사고 위험,0.0,0,,monitor,low
21050760,부산진구,개금3동,safety,안전,0.5,traffic_accident_risk,교통사고 위험,0.0,0,,monitor,low
21050800,부산진구,당감1동,safety,안전,0.5,traffic_accident_risk,교통사고 위험,0.0,0,,monitor,low
21050810,부산진구,가야1동,safety,안전,0.5,traffic_accident_risk,교통사고 위험,0.0,0,,monitor,low
21050820,부산진구,부전1동,safety,안전,0.5,traffic_accident_risk,교통사고 위험,0.0,0,,monitor,low
21050830,부산진구,전포1동,safety,안전,0.5,traffic_accident_risk,교통사고 위험,0.0,0,,monitor,low
21050840,부산진구,범천2동,safety,안전,0.5,traffic_accident_risk,교통사고 위험,0.0,0,,monitor,low
21060510,동래구,수민동,safety,안전,0.5,traffic_accident_risk,교통사고 위험,0.0,0,,monitor,low
21060520,동래구,복산동,safety,안전,0.5,traffic_accident_risk,교통사고 위험,0.0,0,,monitor,low
21060550,동래구,온천1동,safety,안전,0.5,traffic_accident_risk,교통사고 위험,0.0,0,,monitor,low
21060580,동래구,사직1동,safety,안전,0.5,traffic_accident_risk,교통사고 위험,0.0,0,,monitor,low
21060590,동래구,사직2동,safety,안전,0.5,traffic_accident_risk,교통사고 위험,0.0,0,,monitor,low
21060600,동래구,사직3동,safety,안전,0.5,traffic_accident_risk,교통사고 위험,0.0,0,,monitor,low
21060620,동래구,안락2동,safety,안전,0.5,traffic_accident_risk,교통사고 위험,0.0,0,,monitor,low
21060630,동래구,명장1동,safety,안전,0.5,traffic_accident_risk,교통사고 위험,0.0,0,,monitor,low
21060640,동래구,명장2동,safety,안전,0.5,traffic_accident_risk,교통사고 위험,0.0,0,,monitor,low
21060650,동래구,명륜동,safety,안전,0.5,traffic_accident_risk,교통사고 위험,0.0,0,,monitor,low
21070530,남구,대연3동,safety,안전,0.5,traffic_accident_risk,교통사고 위험,0.0,0,,monitor,low
21070540,남구,대연4동,safety,안전,0.5,traffic_accident_risk,교통사고 위험,0.0,0,,monitor,low
21070560,남구,대연6동,safety,안전,0.5,traffic_accident_risk,교통사고 위험,0.0,0,,monitor,low
21070580,남구,용호2동,safety,안전,0.5,traffic_accident_risk,교통사고 위험,0.0,0,,monitor,low
21070590,남구,용호3동,safety,안전,0.5,traffic_accident_risk,교통사고 위험,0.0,0,,monitor,low
21070600,남구,용호4동,safety,안전,0.5,traffic_accident_risk,교통사고 위험,0.0,0,,monitor,low
21070610,남구,용당동,safety,안전,0.5,traffic_accident_risk,교통사고 위험,0.0,0,,monitor,low
21070620,남구,감만1동,safety,안전,0.5,traffic_accident_risk,교통사고 위험,0.0,0,,monitor,low
21070630,남구,감만2동,safety,안전,0.5,traffic_accident_risk,교통사고 위험,0.0,0,,monitor,low
21070660,남구,문현1동,safety,안전,0.5,traffic_accident_risk,교통사고 위험,0.0,0,,monitor,low
21070680,남구,문현3동,safety,안전,0.5,traffic_accident_risk,교통사고 위험,0.0,0,,monitor,low
21070690,남구,문현4동,safety,안전,0.5,traffic_accident_risk,교통사고 위험,0.0,0,,monitor,low
21070700,남구,대연1동,safety,안전,0.5,traffic_accident_risk,교통사고 위험,0.0,0,,monitor,low
21070710,남구,우암동,safety,안전,0.5,traffic_accident_risk,교통사고 위험,0.0,0,,monitor,low
21080510,북구,구포1동,safety,안전,0.5,traffic_accident_risk,교통사고 위험,0.0,0,,monitor,low
21080520,북구,구포2동,safety,안전,0.5,traffic_accident_risk,교통사고 위험,0.0,0,,monitor,low
21080530,북구,구포3동,safety,안전,0.5,traffic_accident_risk,교통사고 위험,0.0,0,,monitor,low
21080540,북구,금곡동,safety,안전,0.5,traffic_accident_risk,교통사고 위험,0.0,0,,monitor,low
21080550,북구,화명1동,safety,안전,0.5,traffic_accident_risk,교통사고 위험,0.0,0,,monitor,low
21080560,북구,덕천1동,safety,안전,0.5,traffic_accident_risk,교통사고 위험,0.0,0,,monitor,low
21080580,북구,덕천3동,safety,안전,0.5,traffic_accident_risk,교통사고 위험,0.0,0,,monitor,low
21080590,북구,만덕1동,safety,안전,0.5,traffic_accident_risk,교통사고 위험,0.0,0,,monitor,low
21080600,북구,만덕2동,safety,안전,0.5,traffic_accident_risk,교통사고 위험,0.0,0,,monitor,low
21080610,북구,만덕3동,safety,안전,0.5,traffic_accident_risk,교통사고 위험,0.0,0,,monitor,low
21080620,북구,화명2동,safety,안전,0.5,traffic_accident_risk,교통사고 위험,0.0,0,,monitor,low
21090530,해운대구,중1동,safety,안전,0.5,traffic_accident_risk,교통사고 위험,0.0,0,,monitor,low
21090540,해운대구,중2동,safety,안전,0.5,traffic_accident_risk,교통사고 위험,0.0,0,,monitor,low
21090560,해운대구,송정동,safety,안전,0.5,traffic_accident_risk,교통사고 위험,0.0,0,,monitor,low
21090580,해운대구,반여2동,safety,안전,0.5,traffic_accident_risk,교통사고 위험,0.0,0,,monitor,low
21090590,해운대구,반여3동,safety,안전,0.5,traffic_accident_risk,교통사고 위험,0.0,0,,monitor,low
21090620,해운대구,반송2동,safety,안전,0.5,traffic_accident_risk,교통사고 위험,0.0,0,,monitor,low
21090650,해운대구,재송2동,safety,안전,0.5,traffic_accident_risk,교통사고 위험,0.0,0,,monitor,low
21090660,해운대구,좌1동,safety,안전,0.5,traffic_accident_risk,교통사고 위험,0.0,0,,monitor,low
21090670,해운대구,좌2동,safety,안전,0.5,traffic_accident_risk,교통사고 위험,0.0,0,,monitor,low
21090680,해운대구,좌3동,safety,안전,0.5,traffic_accident_risk,교통사고 위험,0.0,0,,monitor,low
21090690,해운대구,좌4동,safety,안전,0.5,traffic_accident_risk,교통사고 위험,0.0,0,,monitor,low
21090710,해운대구,반여4동,safety,안전,0.5,traffic_accident_risk,교통사고 위험,0.0,0,,monitor,low
21090720,해운대구,반송1동,safety,안전,0.5,traffic_accident_risk,교통사고 위험,0.0,0,,monitor,low
21090730,해운대구,우1동,safety,안전,0.5,traffic_accident_risk,교통사고 위험,0.0,0,,monitor,low
21090750,해운대구,우3동,safety,안전,0.5,traffic_accident_risk,교통사고 위험,0.0,0,,monitor,low
21100520,사하구,괴정2동,safety,안전,0.5,traffic_accident_risk,교통사고 위험,0.0,0,,monitor,low
21100530,사하구,괴정3동,safety,안전,0.5,traffic_accident_risk,교통사고 위험,0.0,0,,monitor,low
21100540,사하구,괴정4동,safety,안전,0.5,traffic_accident_risk,교통사고 위험,0.0,0,,monitor,low
21100570,사하구,하단2동,safety,안전,0.5,traffic_accident_risk,교통사고 위험,0.0,0,,monitor,low
21100580,사하구,신평1동,safety,안전,0.5,traffic_accident_risk,교통사고 위험,0.0,0,,monitor,low
21100590,사하구,신평2동,safety,안전,0.5,traffic_accident_risk,교통사고 위험,0.0,0,,monitor,low
21100600,사하구,장림1동,safety,안전,0.5,traffic_accident_risk,교통사고 위험,0.0,0,,monitor,low
21100610,사하구,장림2동,safety,안전,0.5,traffic_accident_risk,교통사고 위험,0.0,0,,monitor,low
21100620,사하구,다대1동,safety,안전,0.5,traffic_accident_risk,교통사고 위험,0.0,0,,monitor,low
21100630,사하구,다대2동,safety,안전,0.5,traffic_accident_risk,교통사고 위험,0.0,0,,monitor,low
21100640,사하구,구평동,safety,안전,0.5,traffic_accident_risk,교통사고 위험,0.0,0,,monitor,low
21100650,사하구,감천1동,safety,안전,0.5,traffic_accident_risk,교통사고 위험,0.0,0,,monitor,low
21100660,사하구,감천2동,safety,안전,0.5,traffic_accident_risk,교통사고 위험,0.0,0,,monitor,low
21110510,금정구,서1동,safety,안전,0.5,traffic_accident_risk,교통사고 위험,0.0,0,,monitor,low
21110570,금정구,부곡1동,safety,안전,0.5,traffic_accident_risk,교통사고 위험,0.0,0,,monitor,low
21110580,금정구,부곡2동,safety,안전,0.5,traffic_accident_risk,교통사고 위험,0.0,0,,monitor,low
21110600,금정구,부곡4동,safety,안전,0.5,traffic_accident_risk,교통사고 위험,0.0,0,,monitor,low
21110610,금정구,장전1동,safety,안전,0.5,traffic_accident_risk,교통사고 위험,0.0,0,,monitor,low
21110640,금정구,선두구동,safety,안전,0.5,traffic_accident_risk,교통사고 위험,0.0,0,,monitor,low
21110670,금정구,청룡노포동,safety,안전,0.5,traffic_accident_risk,교통사고 위험,0.0,0,,monitor,low
21110680,금정구,남산동,safety,안전,0.5,traffic_accident_risk,교통사고 위험,0.0,0,,monitor,low
21110690,금정구,구서1동,safety,안전,0.5,traffic_accident_risk,교통사고 위험,0.0,0,,monitor,low
21110700,금정구,구서2동,safety,안전,0.5,traffic_accident_risk,교통사고 위험,0.0,0,,monitor,low
21110710,금정구,금성동,safety,안전,0.5,traffic_accident_risk,교통사고 위험,0.0,0,,monitor,low
21110720,금정구,서3동,safety,안전,0.5,traffic_accident_risk,교통사고 위험,0.0,0,,monitor,low
21110730,금정구,금사회동동,safety,안전,0.5,traffic_accident_risk,교통사고 위험,0.0,0,,monitor,low
21120510,강서구,대저1동,safety,안전,0.5,traffic_accident_risk,교통사고 위험,0.0,0,,monitor,low
21120520,강서구,대저2동,safety,안전,0.5,traffic_accident_risk,교통사고 위험,0.0,0,,monitor,low
21120530,강서구,강동동,safety,안전,0.5,traffic_accident_risk,교통사고 위험,0.0,0,,monitor,low
21120550,강서구,가락동,safety,안전,0.5,traffic_accident_risk,교통사고 위험,0.0,0,,monitor,low
21120562,강서구,신호동,safety,안전,0.5,traffic_accident_risk,교통사고 위험,0.0,0,,monitor,low
21120580,강서구,가덕도동,safety,안전,0.5,traffic_accident_risk,교통사고 위험,0.0,0,,monitor,low
21120590,강서구,명지1동,safety,안전,0.5,traffic_accident_risk,교통사고 위험,0.0,0,,monitor,low
21130510,연제구,거제1동,safety,안전,0.5,traffic_accident_risk,교통사고 위험,0.0,0,,monitor,low
21130520,연제구,거제2동,safety,안전,0.5,traffic_accident_risk,교통사고 위험,0.0,0,,monitor,low
21130540,연제구,거제4동,safety,안전,0.5,traffic_accident_risk,교통사고 위험,0.0,0,,monitor,low
21130550,연제구,연산1동,safety,안전,0.5,traffic_accident_risk,교통사고 위험,0.0,0,,monitor,low
21130560,연제구,연산2동,safety,안전,0.5,traffic_accident_risk,교통사고 위험,0.0,0,,monitor,low
21130570,연제구,연산3동,safety,안전,0.5,traffic_accident_risk,교통사고 위험,0.0,0,,monitor,low
21130600,연제구,연산6동,safety,안전,0.5,traffic_accident_risk,교통사고 위험,0.0,0,,monitor,low
21130620,연제구,연산8동,safety,안전,0.5,traffic_accident_risk,교통사고 위험,0.0,0,,monitor,low
21130630,연제구,연산9동,safety,안전,0.5,traffic_accident_risk,교통사고 위험,0.0,0,,monitor,low
21140520,수영구,남천2동,safety,안전,0.5,traffic_accident_risk,교통사고 위험,0.0,0,,monitor,low
21140530,수영구,수영동,safety,안전,0.5,traffic_accident_risk,교통사고 위험,0.0,0,,monitor,low
21140540,수영구,망미1동,safety,안전,0.5,traffic_accident_risk,교통사고 위험,0.0,0,,monitor,low
21140550,수영구,망미2동,safety,안전,0.5,traffic_accident_risk,교통사고 위험,0.0,0,,monitor,low
21140560,수영구,광안1동,safety,안전,0.5,traffic_accident_risk,교통사고 위험,0.0,0,,monitor,low
21140590,수영구,광안4동,safety,안전,0.5,traffic_accident_risk,교통사고 위험,0.0,0,,monitor,low
21140600,수영구,민락동,safety,안전,0.5,traffic_accident_risk,교통사고 위험,0.0,0,,monitor,low
21150520,사상구,모라1동,safety,안전,0.5,traffic_accident_risk,교통사고 위험,0.0,0,,monitor,low
21150540,사상구,모라3동,safety,안전,0.5,traffic_accident_risk,교통사고 위험,0.0,0,,monitor,low
21150550,사상구,덕포1동,safety,안전,0.5,traffic_accident_risk,교통사고 위험,0.0,0,,monitor,low
21150560,사상구,덕포2동,safety,안전,0.5,traffic_accident_risk,교통사고 위험,0.0,0,,monitor,low
21150600,사상구,주례1동,safety,안전,0.5,traffic_accident_risk,교통사고 위험,0.0,0,,monitor,low
21150610,사상구,주례2동,safety,안전,0.5,traffic_accident_risk,교통사고 위험,0.0,0,,monitor,low
21150620,사상구,주례3동,safety,안전,0.5,traffic_accident_risk,교통사고 위험,0.0,0,,monitor,low
21150630,사상구,학장동,safety,안전,0.5,traffic_accident_risk,교통사고 위험,0.0,0,,monitor,low
21150640,사상구,엄궁동,safety,안전,0.5,traffic_accident_risk,교통사고 위험,0.0,0,,monitor,low
21150650,사상구,감전동,safety,안전,0.5,traffic_accident_risk,교통사고 위험,0.0,0,,monitor,low
21510111,기장군,일광읍,safety,안전,0.5,traffic_accident_risk,교통사고 위험,0.0,0,,monitor,low
21510120,기장군,장안읍,safety,안전,0.5,traffic_accident_risk,교통사고 위험,0.0,0,,monitor,low
21510130,기장군,정관읍,safety,안전,0.5,traffic_accident_risk,교통사고 위험,0.0,0,,monitor,low
21510330,기장군,철마면,safety,안전,0.5,traffic_accident_risk,교통사고 위험,0.0,0,,monitor,low
21030510,동구,초량1동,living_services_settlement,생활 인프라·주거,0.25,transit_access,대중교통 접근,96.92683,3,소지역 보정 버스정류장 공급량|수요가중 버스노선 접근성|현재 배차·운행시간 기반 서비스 기회,candidate_after_validation,low
21140520,수영구,남천2동,living_services_settlement,생활 인프라·주거,0.25,transit_access,대중교통 접근,95.414634,3,소지역 보정 버스정류장 공급량|수요가중 버스노선 접근성|현재 배차·운행시간 기반 서비스 기회,candidate_after_validation,medium_low
21110580,금정구,부곡2동,living_services_settlement,생활 인프라·주거,0.25,transit_access,대중교통 접근,92.682928,3,소지역 보정 버스정류장 공급량|수요가중 버스노선 접근성|현재 배차·운행시간 기반 서비스 기회,candidate_after_validation,medium_low
21090590,해운대구,반여3동,living_services_settlement,생활 인프라·주거,0.25,transit_access,대중교통 접근,89.951219,3,소지역 보정 버스정류장 공급량|수요가중 버스노선 접근성|현재 배차·운행시간 기반 서비스 기회,candidate_after_validation,medium_low
21070570,남구,용호1동,living_services_settlement,생활 인프라·주거,0.25,transit_access,대중교통 접근,87.707316,3,소지역 보정 버스정류장 공급량|수요가중 버스노선 접근성|현재 배차·운행시간 기반 서비스 기회,candidate_after_validation,medium_low
21050740,부산진구,개금1동,living_services_settlement,생활 인프라·주거,0.25,transit_access,대중교통 접근,87.512195,3,소지역 보정 버스정류장 공급량|수요가중 버스노선 접근성|현재 배차·운행시간 기반 서비스 기회,candidate_after_validation,medium_low
21050720,부산진구,가야2동,living_services_settlement,생활 인프라·주거,0.25,transit_access,대중교통 접근,86.341463,3,소지역 보정 버스정류장 공급량|수요가중 버스노선 접근성|현재 배차·운행시간 기반 서비스 기회,candidate_after_validation,medium_low
21050660,부산진구,부암3동,living_services_settlement,생활 인프라·주거,0.25,transit_access,대중교통 접근,85.365854,3,소지역 보정 버스정류장 공급량|수요가중 버스노선 접근성|현재 배차·운행시간 기반 서비스 기회,candidate_after_validation,medium_low
21080550,북구,화명1동,living_services_settlement,생활 인프라·주거,0.25,transit_access,대중교통 접근,85.268293,2,소지역 보정 버스정류장 공급량|수요가중 버스노선 접근성,candidate_after_validation,medium_low
21090680,해운대구,좌3동,living_services_settlement,생활 인프라·주거,0.25,transit_access,대중교통 접근,85.268293,3,소지역 보정 버스정류장 공급량|수요가중 버스노선 접근성|현재 배차·운행시간 기반 서비스 기회,candidate_after_validation,medium_low
21130620,연제구,연산8동,living_services_settlement,생활 인프라·주거,0.25,transit_access,대중교통 접근,85.268292,3,소지역 보정 버스정류장 공급량|수요가중 버스노선 접근성|현재 배차·운행시간 기반 서비스 기회,candidate_after_validation,medium_low
21090670,해운대구,좌2동,living_services_settlement,생활 인프라·주거,0.25,transit_access,대중교통 접근,85.170731,3,소지역 보정 버스정류장 공급량|수요가중 버스노선 접근성|현재 배차·운행시간 기반 서비스 기회,candidate_after_validation,medium_low
21080630,북구,화명3동,living_services_settlement,생활 인프라·주거,0.25,transit_access,대중교통 접근,84.682927,2,소지역 보정 버스정류장 공급량|수요가중 버스노선 접근성,candidate_after_validation,medium_low
21140560,수영구,광안1동,living_services_settlement,생활 인프라·주거,0.25,transit_access,대중교통 접근,83.414634,1,소지역 보정 버스정류장 공급량,candidate_after_validation,medium_low
21090620,해운대구,반송2동,living_services_settlement,생활 인프라·주거,0.25,transit_access,대중교통 접근,82.634146,3,소지역 보정 버스정류장 공급량|수요가중 버스노선 접근성|현재 배차·운행시간 기반 서비스 기회,candidate_after_validation,medium_low
21050680,부산진구,당감2동,living_services_settlement,생활 인프라·주거,0.25,transit_access,대중교통 접근,82.439024,1,소지역 보정 버스정류장 공급량,candidate_after_validation,medium_low
21130540,연제구,거제4동,living_services_settlement,생활 인프라·주거,0.25,transit_access,대중교통 접근,81.756097,3,소지역 보정 버스정류장 공급량|수요가중 버스노선 접근성|현재 배차·운행시간 기반 서비스 기회,candidate_after_validation,medium_low
21100540,사하구,괴정4동,living_services_settlement,생활 인프라·주거,0.25,transit_access,대중교통 접근,80.390244,1,소지역 보정 버스정류장 공급량,candidate_after_validation,medium_low
21110700,금정구,구서2동,living_services_settlement,생활 인프라·주거,0.25,transit_access,대중교통 접근,79.804879,1,소지역 보정 버스정류장 공급량,candidate_after_validation,medium_low
21030560,동구,수정1동,living_services_settlement,생활 인프라·주거,0.25,transit_access,대중교통 접근,78.536585,3,소지역 보정 버스정류장 공급량|수요가중 버스노선 접근성|현재 배차·운행시간 기반 서비스 기회,candidate_after_validation,medium_low
21050840,부산진구,범천2동,living_services_settlement,생활 인프라·주거,0.25,transit_access,대중교통 접근,78.341464,1,소지역 보정 버스정류장 공급량,candidate_after_validation,medium_low
21070590,남구,용호3동,living_services_settlement,생활 인프라·주거,0.25,transit_access,대중교통 접근,78.146341,3,소지역 보정 버스정류장 공급량|수요가중 버스노선 접근성|현재 배차·운행시간 기반 서비스 기회,candidate_after_validation,medium_low
21130630,연제구,연산9동,living_services_settlement,생활 인프라·주거,0.25,transit_access,대중교통 접근,77.756097,1,소지역 보정 버스정류장 공급량,candidate_after_validation,medium_low
21070660,남구,문현1동,living_services_settlement,생활 인프라·주거,0.25,transit_access,대중교통 접근,77.658536,2,수요가중 버스노선 접근성|현재 배차·운행시간 기반 서비스 기회,candidate_after_validation,medium_low
21130550,연제구,연산1동,living_services_settlement,생활 인프라·주거,0.25,transit_access,대중교통 접근,75.707317,1,소지역 보정 버스정류장 공급량,candidate_after_validation,medium_low
21080590,북구,만덕1동,living_services_settlement,생활 인프라·주거,0.25,transit_access,대중교통 접근,75.024389,2,수요가중 버스노선 접근성|현재 배차·운행시간 기반 서비스 기회,candidate_after_validation,medium_low
21100630,사하구,다대2동,living_services_settlement,생활 인프라·주거,0.25,transit_access,대중교통 접근,74.92683,2,소지역 보정 버스정류장 공급량|현재 배차·운행시간 기반 서비스 기회,candidate_after_validation,medium_low
21090750,해운대구,우3동,living_services_settlement,생활 인프라·주거,0.25,transit_access,대중교통 접근,74.829268,1,소지역 보정 버스정류장 공급량,candidate_after_validation,medium_low
21070580,남구,용호2동,living_services_settlement,생활 인프라·주거,0.25,transit_access,대중교통 접근,74.097561,3,소지역 보정 버스정류장 공급량|수요가중 버스노선 접근성|현재 배차·운행시간 기반 서비스 기회,candidate_after_validation,medium_low
21010570,중구,광복동,living_services_settlement,생활 인프라·주거,0.25,transit_access,대중교통 접근,73.804879,2,수요가중 버스노선 접근성|현재 배차·운행시간 기반 서비스 기회,candidate_after_validation,low
21090580,해운대구,반여2동,living_services_settlement,생활 인프라·주거,0.25,transit_access,대중교통 접근,73.463415,2,소지역 보정 버스정류장 공급량|수요가중 버스노선 접근성,candidate_after_validation,medium_low
21090530,해운대구,중1동,living_services_settlement,생활 인프라·주거,0.25,transit_access,대중교통 접근,73.365854,1,소지역 보정 버스정류장 공급량,candidate_after_validation,medium_low
21080530,북구,구포3동,living_services_settlement,생활 인프라·주거,0.25,transit_access,대중교통 접근,73.073171,2,수요가중 버스노선 접근성|현재 배차·운행시간 기반 서비스 기회,candidate_after_validation,medium_low
21080540,북구,금곡동,living_services_settlement,생활 인프라·주거,0.25,transit_access,대중교통 접근,72.390244,2,수요가중 버스노선 접근성|현재 배차·운행시간 기반 서비스 기회,candidate_after_validation,medium_low
21100520,사하구,괴정2동,living_services_settlement,생활 인프라·주거,0.25,transit_access,대중교통 접근,72.097561,2,소지역 보정 버스정류장 공급량|수요가중 버스노선 접근성,candidate_after_validation,medium_low
21140590,수영구,광안4동,living_services_settlement,생활 인프라·주거,0.25,transit_access,대중교통 접근,72.097561,1,소지역 보정 버스정류장 공급량,candidate_after_validation,medium_low
21050540,부산진구,연지동,living_services_settlement,생활 인프라·주거,0.25,transit_access,대중교통 접근,72.0,1,소지역 보정 버스정류장 공급량,candidate_after_validation,medium_low
21110720,금정구,서3동,living_services_settlement,생활 인프라·주거,0.25,transit_access,대중교통 접근,71.317073,2,소지역 보정 버스정류장 공급량|수요가중 버스노선 접근성,candidate_after_validation,medium_low
21150540,사상구,모라3동,living_services_settlement,생활 인프라·주거,0.25,transit_access,대중교통 접근,70.731707,2,수요가중 버스노선 접근성|현재 배차·운행시간 기반 서비스 기회,candidate_after_validation,medium_low
21140600,수영구,민락동,living_services_settlement,생활 인프라·주거,0.25,transit_access,대중교통 접근,70.24390199999999,1,소지역 보정 버스정류장 공급량,candidate_after_validation,medium_low
21070680,남구,문현3동,living_services_settlement,생활 인프라·주거,0.25,transit_access,대중교통 접근,69.95122,1,소지역 보정 버스정류장 공급량,monitor,medium_low
21110570,금정구,부곡1동,living_services_settlement,생활 인프라·주거,0.25,transit_access,대중교통 접근,69.95122,2,수요가중 버스노선 접근성|현재 배차·운행시간 기반 서비스 기회,monitor,medium_low
21150640,사상구,엄궁동,living_services_settlement,생활 인프라·주거,0.25,transit_access,대중교통 접근,69.85365900000001,1,소지역 보정 버스정류장 공급량,monitor,medium_low
21110610,금정구,장전1동,living_services_settlement,생활 인프라·주거,0.25,transit_access,대중교통 접근,69.658537,1,소지역 보정 버스정류장 공급량,monitor,medium_low
21090650,해운대구,재송2동,living_services_settlement,생활 인프라·주거,0.25,transit_access,대중교통 접근,69.463415,1,소지역 보정 버스정류장 공급량,monitor,medium_low
21050810,부산진구,가야1동,living_services_settlement,생활 인프라·주거,0.25,transit_access,대중교통 접근,68.292683,2,수요가중 버스노선 접근성|현재 배차·운행시간 기반 서비스 기회,monitor,medium_low
21130590,연제구,연산5동,living_services_settlement,생활 인프라·주거,0.25,transit_access,대중교통 접근,68.292683,1,소지역 보정 버스정류장 공급량,monitor,medium_low
21070600,남구,용호4동,living_services_settlement,생활 인프라·주거,0.25,transit_access,대중교통 접근,67.95122,2,수요가중 버스노선 접근성|현재 배차·운행시간 기반 서비스 기회,monitor,medium_low
21080610,북구,만덕3동,living_services_settlement,생활 인프라·주거,0.25,transit_access,대중교통 접근,67.609756,1,소지역 보정 버스정류장 공급량,monitor,medium_low
21090690,해운대구,좌4동,living_services_settlement,생활 인프라·주거,0.25,transit_access,대중교통 접근,66.439024,1,소지역 보정 버스정류장 공급량,monitor,medium_low
21110600,금정구,부곡4동,living_services_settlement,생활 인프라·주거,0.25,transit_access,대중교통 접근,66.04878000000001,1,수요가중 버스노선 접근성,monitor,medium_low
21080580,북구,덕천3동,living_services_settlement,생활 인프라·주거,0.25,transit_access,대중교통 접근,65.463414,2,수요가중 버스노선 접근성|현재 배차·운행시간 기반 서비스 기회,monitor,medium_low
21140570,수영구,광안2동,living_services_settlement,생활 인프라·주거,0.25,transit_access,대중교통 접근,64.58536600000001,1,소지역 보정 버스정류장 공급량,monitor,medium_low
21130580,연제구,연산4동,living_services_settlement,생활 인프라·주거,0.25,transit_access,대중교통 접근,64.390243,1,소지역 보정 버스정류장 공급량,monitor,medium_low
21010590,중구,영주1동,living_services_settlement,생활 인프라·주거,0.25,transit_access,대중교통 접근,64.195122,0,,monitor,medium_low
21090710,해운대구,반여4동,living_services_settlement,생활 인프라·주거,0.25,transit_access,대중교통 접근,63.804877000000005,2,수요가중 버스노선 접근성|현재 배차·운행시간 기반 서비스 기회,monitor,medium_low
21060550,동래구,온천1동,living_services_settlement,생활 인프라·주거,0.25,transit_access,대중교통 접근,62.926829999999995,1,소지역 보정 버스정류장 공급량,monitor,medium_low
21100560,사하구,하단1동,living_services_settlement,생활 인프라·주거,0.25,transit_access,대중교통 접근,62.926829999999995,1,소지역 보정 버스정류장 공급량,monitor,medium_low
21090730,해운대구,우1동,living_services_settlement,생활 인프라·주거,0.25,transit_access,대중교통 접근,61.95122,1,소지역 보정 버스정류장 공급량,monitor,medium_low
21100530,사하구,괴정3동,living_services_settlement,생활 인프라·주거,0.25,transit_access,대중교통 접근,61.463414,1,소지역 보정 버스정류장 공급량,monitor,medium_low
21070670,남구,문현2동,living_services_settlement,생활 인프라·주거,0.25,transit_access,대중교통 접근,61.365854,2,수요가중 버스노선 접근성|현재 배차·운행시간 기반 서비스 기회,monitor,medium_low
21110510,금정구,서1동,living_services_settlement,생활 인프라·주거,0.25,transit_access,대중교통 접근,61.170732,2,수요가중 버스노선 접근성|현재 배차·운행시간 기반 서비스 기회,monitor,medium_low
21100660,사하구,감천2동,living_services_settlement,생활 인프라·주거,0.25,transit_access,대중교통 접근,60.487804,2,수요가중 버스노선 접근성|현재 배차·운행시간 기반 서비스 기회,monitor,medium_low
21020630,서구,초장동,living_services_settlement,생활 인프라·주거,0.25,transit_access,대중교통 접근,60.195122,2,수요가중 버스노선 접근성|현재 배차·운행시간 기반 서비스 기회,monitor,medium_low
21050570,부산진구,양정2동,living_services_settlement,생활 인프라·주거,0.25,transit_access,대중교통 접근,59.707316999999996,1,소지역 보정 버스정류장 공급량,monitor,medium_low
21050760,부산진구,개금3동,living_services_settlement,생활 인프라·주거,0.25,transit_access,대중교통 접근,58.92683,1,소지역 보정 버스정류장 공급량,monitor,medium_low
21050750,부산진구,개금2동,living_services_settlement,생활 인프라·주거,0.25,transit_access,대중교통 접근,58.536585,2,수요가중 버스노선 접근성|현재 배차·운행시간 기반 서비스 기회,monitor,medium_low
21050800,부산진구,당감1동,living_services_settlement,생활 인프라·주거,0.25,transit_access,대중교통 접근,57.95122,1,소지역 보정 버스정류장 공급량,monitor,medium_low
21080560,북구,덕천1동,living_services_settlement,생활 인프라·주거,0.25,transit_access,대중교통 접근,57.756098,0,,monitor,medium_low
21130510,연제구,거제1동,living_services_settlement,생활 인프라·주거,0.25,transit_access,대중교통 접근,57.560975,1,소지역 보정 버스정류장 공급량,monitor,medium_low
21130530,연제구,거제3동,living_services_settlement,생활 인프라·주거,0.25,transit_access,대중교통 접근,57.170730999999996,1,소지역 보정 버스정류장 공급량,monitor,medium_low
21110690,금정구,구서1동,living_services_settlement,생활 인프라·주거,0.25,transit_access,대중교통 접근,56.975609,0,,monitor,medium_low
21060510,동래구,수민동,living_services_settlement,생활 인프라·주거,0.25,transit_access,대중교통 접근,56.487805,1,소지역 보정 버스정류장 공급량,monitor,medium_low
21050640,부산진구,부암1동,living_services_settlement,생활 인프라·주거,0.25,transit_access,대중교통 접근,55.414633,1,소지역 보정 버스정류장 공급량,monitor,medium_low
21120600,강서구,명지2동,living_services_settlement,생활 인프라·주거,0.25,transit_access,대중교통 접근,55.317071999999996,1,현재 배차·운행시간 기반 서비스 기회,monitor,medium_low
21030550,동구,초량6동,living_services_settlement,생활 인프라·주거,0.25,transit_access,대중교통 접근,55.024391,2,수요가중 버스노선 접근성|현재 배차·운행시간 기반 서비스 기회,monitor,medium_low
21010560,중구,부평동,living_services_settlement,생활 인프라·주거,0.25,transit_access,대중교통 접근,54.439025,0,,monitor,medium_low
21100510,사하구,괴정1동,living_services_settlement,생활 인프라·주거,0.25,transit_access,대중교통 접근,54.439025,1,소지역 보정 버스정류장 공급량,monitor,medium_low
21090740,해운대구,우2동,living_services_settlement,생활 인프라·주거,0.25,transit_access,대중교통 접근,54.04878,1,소지역 보정 버스정류장 공급량,monitor,medium_low
21110680,금정구,남산동,living_services_settlement,생활 인프라·주거,0.25,transit_access,대중교통 접근,53.658537,0,,monitor,medium_low
21100550,사하구,당리동,living_services_settlement,생활 인프라·주거,0.25,transit_access,대중교통 접근,53.560976,0,,monitor,medium_low
21100590,사하구,신평2동,living_services_settlement,생활 인프라·주거,0.25,transit_access,대중교통 접근,53.365854,0,,monitor,medium_low
21140510,수영구,남천1동,living_services_settlement,생활 인프라·주거,0.25,transit_access,대중교통 접근,53.073171,0,,monitor,medium_low
21140540,수영구,망미1동,living_services_settlement,생활 인프라·주거,0.25,transit_access,대중교통 접근,52.878049000000004,0,,monitor,medium_low
21020590,서구,부민동,living_services_settlement,생활 인프라·주거,0.25,transit_access,대중교통 접근,52.487805,0,,monitor,medium_low
21070630,남구,감만2동,living_services_settlement,생활 인프라·주거,0.25,transit_access,대중교통 접근,52.487804999999994,2,수요가중 버스노선 접근성|현재 배차·운행시간 기반 서비스 기회,monitor,medium_low
21090640,해운대구,재송1동,living_services_settlement,생활 인프라·주거,0.25,transit_access,대중교통 접근,52.195123,0,,monitor,medium_low
21060590,동래구,사직2동,living_services_settlement,생활 인프라·주거,0.25,transit_access,대중교통 접근,52.195122,0,,monitor,medium_low
21100580,사하구,신평1동,living_services_settlement,생활 인프라·주거,0.25,transit_access,대중교통 접근,52.097561,0,,monitor,medium_low
21100570,사하구,하단2동,living_services_settlement,생활 인프라·주거,0.25,transit_access,대중교통 접근,52.0,1,소지역 보정 버스정류장 공급량,monitor,medium_low
21060570,동래구,온천3동,living_services_settlement,생활 인프라·주거,0.25,transit_access,대중교통 접근,51.609756000000004,1,소지역 보정 버스정류장 공급량,monitor,medium_low
21090540,해운대구,중2동,living_services_settlement,생활 인프라·주거,0.25,transit_access,대중교통 접근,51.609756000000004,2,수요가중 버스노선 접근성|현재 배차·운행시간 기반 서비스 기회,monitor,medium_low
21510130,기장군,정관읍,living_services_settlement,생활 인프라·주거,0.25,transit_access,대중교통 접근,51.31707299999999,1,현재 배차·운행시간 기반 서비스 기회,monitor,medium_low
21140530,수영구,수영동,living_services_settlement,생활 인프라·주거,0.25,transit_access,대중교통 접근,50.634146,1,소지역 보정 버스정류장 공급량,monitor,medium_low
21100620,사하구,다대1동,living_services_settlement,생활 인프라·주거,0.25,transit_access,대중교통 접근,50.536586,1,현재 배차·운행시간 기반 서비스 기회,monitor,medium_low
21070560,남구,대연6동,living_services_settlement,생활 인프라·주거,0.25,transit_access,대중교통 접근,50.146341,0,,monitor,medium_low
21140550,수영구,망미2동,living_services_settlement,생활 인프라·주거,0.25,transit_access,대중교통 접근,50.048781000000005,2,수요가중 버스노선 접근성|현재 배차·운행시간 기반 서비스 기회,monitor,medium_low
21060620,동래구,안락2동,living_services_settlement,생활 인프라·주거,0.25,transit_access,대중교통 접근,50.048781,0,,monitor,medium_low
21020510,서구,동대신1동,living_services_settlement,생활 인프라·주거,0.25,transit_access,대중교통 접근,49.853659,0,,monitor,medium_low
21050770,부산진구,범천1동,living_services_settlement,생활 인프라·주거,0.25,transit_access,대중교통 접근,49.85365899999999,1,소지역 보정 버스정류장 공급량,monitor,medium_low
21050550,부산진구,초읍동,living_services_settlement,생활 인프라·주거,0.25,transit_access,대중교통 접근,48.97561,0,,monitor,medium_low
21150570,사상구,괘법동,living_services_settlement,생활 인프라·주거,0.25,transit_access,대중교통 접근,48.87805,1,소지역 보정 버스정류장 공급량,monitor,medium_low
21060600,동래구,사직3동,living_services_settlement,생활 인프라·주거,0.25,transit_access,대중교통 접근,48.878048,1,소지역 보정 버스정류장 공급량,monitor,medium_low
21130600,연제구,연산6동,living_services_settlement,생활 인프라·주거,0.25,transit_access,대중교통 접근,48.195123,0,,monitor,medium_low
21150550,사상구,덕포1동,living_services_settlement,생활 인프라·주거,0.25,transit_access,대중교통 접근,48.097561,0,,monitor,medium_low
21130560,연제구,연산2동,living_services_settlement,생활 인프라·주거,0.25,transit_access,대중교통 접근,47.512195,0,,monitor,medium_low
21040660,영도구,동삼2동,living_services_settlement,생활 인프라·주거,0.25,transit_access,대중교통 접근,47.317073,2,수요가중 버스노선 접근성|현재 배차·운행시간 기반 서비스 기회,monitor,medium_low
21010600,중구,영주2동,living_services_settlement,생활 인프라·주거,0.25,transit_access,대중교통 접근,47.31707299999999,2,수요가중 버스노선 접근성|현재 배차·운행시간 기반 서비스 기회,monitor,medium_low
21010530,중구,대청동,living_services_settlement,생활 인프라·주거,0.25,transit_access,대중교통 접근,47.121950999999996,1,수요가중 버스노선 접근성,monitor,medium_low
21060630,동래구,명장1동,living_services_settlement,생활 인프라·주거,0.25,transit_access,대중교통 접근,46.439024,0,,monitor,medium_low
21110590,금정구,부곡3동,living_services_settlement,생활 인프라·주거,0.25,transit_access,대중교통 접근,46.439024,2,수요가중 버스노선 접근성|현재 배차·운행시간 기반 서비스 기회,monitor,medium_low
21070530,남구,대연3동,living_services_settlement,생활 인프라·주거,0.25,transit_access,대중교통 접근,45.951218999999995,0,,monitor,medium_low
21080620,북구,화명2동,living_services_settlement,생활 인프라·주거,0.25,transit_access,대중교통 접근,45.658537,1,수요가중 버스노선 접근성,monitor,medium_low
21090700,해운대구,반여1동,living_services_settlement,생활 인프라·주거,0.25,transit_access,대중교통 접근,45.365853,0,,monitor,medium_low
21020520,서구,동대신2동,living_services_settlement,생활 인프라·주거,0.25,transit_access,대중교통 접근,45.170732,0,,monitor,medium_low
21150610,사상구,주례2동,living_services_settlement,생활 인프라·주거,0.25,transit_access,대중교통 접근,45.170732,0,,monitor,medium_low
21030590,동구,수정4동,living_services_settlement,생활 인프라·주거,0.25,transit_access,대중교통 접근,45.073171,2,수요가중 버스노선 접근성|현재 배차·운행시간 기반 서비스 기회,monitor,medium_low
21110520,금정구,서2동,living_services_settlement,생활 인프라·주거,0.25,transit_access,대중교통 접근,44.682927,0,,monitor,medium_low
21080520,북구,구포2동,living_services_settlement,생활 인프라·주거,0.25,transit_access,대중교통 접근,44.487804,0,,monitor,medium_low
21070550,남구,대연5동,living_services_settlement,생활 인프라·주거,0.25,transit_access,대중교통 접근,43.804878,0,,monitor,medium_low
21020540,서구,서대신1동,living_services_settlement,생활 인프라·주거,0.25,transit_access,대중교통 접근,43.707317,0,,monitor,medium_low
21020690,서구,남부민2동,living_services_settlement,생활 인프라·주거,0.25,transit_access,대중교통 접근,42.92683,0,,monitor,medium_low
21090660,해운대구,좌1동,living_services_settlement,생활 인프라·주거,0.25,transit_access,대중교통 접근,42.926829,0,,monitor,medium_low
21080600,북구,만덕2동,living_services_settlement,생활 인프라·주거,0.25,transit_access,대중교통 접근,42.536585,0,,monitor,medium_low
21040590,영도구,봉래1동,living_services_settlement,생활 인프라·주거,0.25,transit_access,대중교통 접근,42.341464,0,,monitor,medium_low
21130520,연제구,거제2동,living_services_settlement,생활 인프라·주거,0.25,transit_access,대중교통 접근,41.951219,0,,monitor,medium_low
21120590,강서구,명지1동,living_services_settlement,생활 인프라·주거,0.25,transit_access,대중교통 접근,41.853658,0,,monitor,medium_low
21510111,기장군,일광읍,living_services_settlement,생활 인프라·주거,0.25,transit_access,대중교통 접근,41.365854,2,수요가중 버스노선 접근성|현재 배차·운행시간 기반 서비스 기회,monitor,medium_low
21110710,금정구,금성동,living_services_settlement,생활 인프라·주거,0.25,transit_access,대중교통 접근,41.365853,2,수요가중 버스노선 접근성|현재 배차·운행시간 기반 서비스 기회,monitor,medium_low
21070700,남구,대연1동,living_services_settlement,생활 인프라·주거,0.25,transit_access,대중교통 접근,40.878048,0,,monitor,medium_low
21060520,동래구,복산동,living_services_settlement,생활 인프라·주거,0.25,transit_access,대중교통 접근,40.682927,2,수요가중 버스노선 접근성|현재 배차·운행시간 기반 서비스 기회,monitor,medium_low
21080510,북구,구포1동,living_services_settlement,생활 인프라·주거,0.25,transit_access,대중교통 접근,40.585367,0,,monitor,medium_low
21040550,영도구,영선2동,living_services_settlement,생활 인프라·주거,0.25,transit_access,대중교통 접근,40.487805,0,,monitor,medium_low
21150620,사상구,주례3동,living_services_settlement,생활 인프라·주거,0.25,transit_access,대중교통 접근,40.292683,0,,monitor,medium_low
21030600,동구,수정5동,living_services_settlement,생활 인프라·주거,0.25,transit_access,대중교통 접근,40.097561999999996,2,수요가중 버스노선 접근성|현재 배차·운행시간 기반 서비스 기회,monitor,medium_low
21070540,남구,대연4동,living_services_settlement,생활 인프라·주거,0.25,transit_access,대중교통 접근,40.0,0,,monitor,medium_low
21120580,강서구,가덕도동,living_services_settlement,생활 인프라·주거,0.25,transit_access,대중교통 접근,40.0,2,수요가중 버스노선 접근성|현재 배차·운행시간 기반 서비스 기회,monitor,medium_low
21020640,서구,충무동,living_services_settlement,생활 인프라·주거,0.25,transit_access,대중교통 접근,39.902439,0,,monitor,medium_low
21120530,강서구,강동동,living_services_settlement,생활 인프라·주거,0.25,transit_access,대중교통 접근,39.609756000000004,2,수요가중 버스노선 접근성|현재 배차·운행시간 기반 서비스 기회,monitor,medium_low
21120550,강서구,가락동,living_services_settlement,생활 인프라·주거,0.25,transit_access,대중교통 접근,39.414634,2,수요가중 버스노선 접근성|현재 배차·운행시간 기반 서비스 기회,monitor,medium_low
21070620,남구,감만1동,living_services_settlement,생활 인프라·주거,0.25,transit_access,대중교통 접근,39.02439,2,수요가중 버스노선 접근성|현재 배차·운행시간 기반 서비스 기회,monitor,medium_low
21120520,강서구,대저2동,living_services_settlement,생활 인프라·주거,0.25,transit_access,대중교통 접근,38.926829,2,수요가중 버스노선 접근성|현재 배차·운행시간 기반 서비스 기회,monitor,medium_low
21030680,동구,범일5동,living_services_settlement,생활 인프라·주거,0.25,transit_access,대중교통 접근,38.829268,0,,monitor,medium_low
21050700,부산진구,당감4동,living_services_settlement,생활 인프라·주거,0.25,transit_access,대중교통 접근,38.731707,1,수요가중 버스노선 접근성,monitor,medium_low
21130570,연제구,연산3동,living_services_settlement,생활 인프라·주거,0.25,transit_access,대중교통 접근,38.341463,0,,monitor,medium_low
21110640,금정구,선두구동,living_services_settlement,생활 인프라·주거,0.25,transit_access,대중교통 접근,38.04878,2,수요가중 버스노선 접근성|현재 배차·운행시간 기반 서비스 기회,monitor,medium_low
21100650,사하구,감천1동,living_services_settlement,생활 인프라·주거,0.25,transit_access,대중교통 접근,38.048779999999994,0,,monitor,medium_low
21020680,서구,암남동,living_services_settlement,생활 인프라·주거,0.25,transit_access,대중교통 접근,37.95122,0,,monitor,medium_low
21150510,사상구,삼락동,living_services_settlement,생활 인프라·주거,0.25,transit_access,대중교통 접근,37.463414,2,수요가중 버스노선 접근성|현재 배차·운행시간 기반 서비스 기회,monitor,medium_low
21510120,기장군,장안읍,living_services_settlement,생활 인프라·주거,0.25,transit_access,대중교통 접근,37.170732,2,수요가중 버스노선 접근성|현재 배차·운행시간 기반 서비스 기회,monitor,medium_low
21100600,사하구,장림1동,living_services_settlement,생활 인프라·주거,0.25,transit_access,대중교통 접근,36.682927,1,현재 배차·운행시간 기반 서비스 기회,monitor,medium_low
21140580,수영구,광안3동,living_services_settlement,생활 인프라·주거,0.25,transit_access,대중교통 접근,36.292683,0,,monitor,medium_low
21150520,사상구,모라1동,living_services_settlement,생활 인프라·주거,0.25,transit_access,대중교통 접근,35.609756000000004,0,,monitor,medium_low
21030700,동구,좌천동,living_services_settlement,생활 인프라·주거,0.25,transit_access,대중교통 접근,35.609756,0,,monitor,medium_low
21120562,강서구,신호동,living_services_settlement,생활 인프라·주거,0.25,transit_access,대중교통 접근,35.121950999999996,1,현재 배차·운행시간 기반 서비스 기회,monitor,medium_low
21090720,해운대구,반송1동,living_services_settlement,생활 인프라·주거,0.25,transit_access,대중교통 접근,34.926829999999995,0,,monitor,medium_low
21050610,부산진구,전포2동,living_services_settlement,생활 인프라·주거,0.25,transit_access,대중교통 접근,34.634146,0,,monitor,medium_low
21110740,금정구,장전2동,living_services_settlement,생활 인프라·주거,0.25,transit_access,대중교통 접근,34.536586,0,,monitor,medium_low
21020650,서구,남부민1동,living_services_settlement,생활 인프라·주거,0.25,transit_access,대중교통 접근,34.439025,0,,monitor,medium_low
21150560,사상구,덕포2동,living_services_settlement,생활 인프라·주거,0.25,transit_access,대중교통 접근,34.04878,0,,monitor,medium_low
21060640,동래구,명장2동,living_services_settlement,생활 인프라·주거,0.25,transit_access,대중교통 접근,33.951219,0,,monitor,medium_low
21150630,사상구,학장동,living_services_settlement,생활 인프라·주거,0.25,transit_access,대중교통 접근,33.853659,0,,monitor,medium_low
21010540,중구,보수동,living_services_settlement,생활 인프라·주거,0.25,transit_access,대중교통 접근,33.658536,0,,monitor,medium_low
21090560,해운대구,송정동,living_services_settlement,생활 인프라·주거,0.25,transit_access,대중교통 접근,33.073171,0,,monitor,medium_low
21060650,동래구,명륜동,living_services_settlement,생활 인프라·주거,0.25,transit_access,대중교통 접근,32.780488,0,,monitor,medium_low
21060580,동래구,사직1동,living_services_settlement,생활 인프라·주거,0.25,transit_access,대중교통 접근,32.487805,0,,monitor,medium_low
21060610,동래구,안락1동,living_services_settlement,생활 인프라·주거,0.25,transit_access,대중교통 접근,31.609755999999997,0,,monitor,medium_low
21040680,영도구,신선동,living_services_settlement,생활 인프라·주거,0.25,transit_access,대중교통 접근,31.317073,1,현재 배차·운행시간 기반 서비스 기회,monitor,medium_low
21070710,남구,우암동,living_services_settlement,생활 인프라·주거,0.25,transit_access,대중교통 접근,31.317072,1,수요가중 버스노선 접근성,monitor,medium_low
21030530,동구,초량3동,living_services_settlement,생활 인프라·주거,0.25,transit_access,대중교통 접근,30.829269,0,,monitor,medium_low
21070610,남구,용당동,living_services_settlement,생활 인프라·주거,0.25,transit_access,대중교통 접근,30.829268,0,,monitor,medium_low
21100640,사하구,구평동,living_services_settlement,생활 인프라·주거,0.25,transit_access,대중교통 접근,30.829268,1,현재 배차·운행시간 기반 서비스 기회,monitor,medium_low
21120510,강서구,대저1동,living_services_settlement,생활 인프라·주거,0.25,transit_access,대중교통 접근,29.951219000000002,1,현재 배차·운행시간 기반 서비스 기회,monitor,medium_low
21050520,부산진구,부전2동,living_services_settlement,생활 인프라·주거,0.25,transit_access,대중교통 접근,29.756098,0,,monitor,medium_low
21510330,기장군,철마면,living_services_settlement,생활 인프라·주거,0.25,transit_access,대중교통 접근,29.560976,1,현재 배차·운행시간 기반 서비스 기회,monitor,medium_low
21040650,영도구,동삼1동,living_services_settlement,생활 인프라·주거,0.25,transit_access,대중교통 접근,29.268293,0,,monitor,medium_low
21150600,사상구,주례1동,living_services_settlement,생활 인프라·주거,0.25,transit_access,대중교통 접근,28.780488,0,,monitor,medium_low
21080570,북구,덕천2동,living_services_settlement,생활 인프라·주거,0.25,transit_access,대중교통 접근,27.414633,0,,monitor,medium_low
21040670,영도구,동삼3동,living_services_settlement,생활 인프라·주거,0.25,transit_access,대중교통 접근,27.317073,0,,monitor,medium_low
21040690,영도구,봉래2동,living_services_settlement,생활 인프라·주거,0.25,transit_access,대중교통 접근,26.536585,0,,monitor,medium_low
21020610,서구,아미동,living_services_settlement,생활 인프라·주거,0.25,transit_access,대중교통 접근,26.243902,0,,monitor,medium_low
21110670,금정구,청룡노포동,living_services_settlement,생활 인프라·주거,0.25,transit_access,대중교통 접근,26.04878,0,,monitor,medium_low
21100610,사하구,장림2동,living_services_settlement,생활 인프라·주거,0.25,transit_access,대중교통 접근,25.756097,0,,monitor,medium_low
21040630,영도구,청학1동,living_services_settlement,생활 인프라·주거,0.25,transit_access,대중교통 접근,25.463415,0,,monitor,medium_low
21110730,금정구,금사회동동,living_services_settlement,생활 인프라·주거,0.25,transit_access,대중교통 접근,25.268292000000002,0,,monitor,medium_low
21010520,중구,동광동,living_services_settlement,생활 인프라·주거,0.25,transit_access,대중교통 접근,24.682928,0,,monitor,medium_low
21040540,영도구,영선1동,living_services_settlement,생활 인프라·주거,0.25,transit_access,대중교통 접근,24.097561,0,,monitor,medium_low
21020570,서구,서대신4동,living_services_settlement,생활 인프라·주거,0.25,transit_access,대중교통 접근,23.609756,0,,monitor,medium_low
21040640,영도구,청학2동,living_services_settlement,생활 인프라·주거,0.25,transit_access,대중교통 접근,23.512196,0,,monitor,medium_low
21020530,서구,동대신3동,living_services_settlement,생활 인프라·주거,0.25,transit_access,대중교통 접근,23.121951000000003,0,,monitor,medium_low
21030710,동구,범일1동,living_services_settlement,생활 인프라·주거,0.25,transit_access,대중교통 접근,22.536585000000002,0,,monitor,medium_low
21020560,서구,서대신3동,living_services_settlement,생활 인프라·주거,0.25,transit_access,대중교통 접근,22.243903,0,,monitor,medium_low
21030520,동구,초량2동,living_services_settlement,생활 인프라·주거,0.25,transit_access,대중교통 접근,21.365854000000002,0,,monitor,medium_low
21050830,부산진구,전포1동,living_services_settlement,생활 인프라·주거,0.25,transit_access,대중교통 접근,20.780488,0,,monitor,medium_low
21050560,부산진구,양정1동,living_services_settlement,생활 인프라·주거,0.25,transit_access,대중교통 접근,20.585366,0,,monitor,medium_low
21510110,기장군,기장읍,living_services_settlement,생활 인프라·주거,0.25,transit_access,대중교통 접근,19.414635,0,,monitor,medium_low
21120561,강서구,녹산동,living_services_settlement,생활 인프라·주거,0.25,transit_access,대중교통 접근,17.560976,0,,monitor,medium_low
21040530,영도구,남항동,living_services_settlement,생활 인프라·주거,0.25,transit_access,대중교통 접근,16.780488,0,,monitor,medium_low
21070690,남구,문현4동,living_services_settlement,생활 인프라·주거,0.25,transit_access,대중교통 접근,16.780487,0,,monitor,medium_low
21060560,동래구,온천2동,living_services_settlement,생활 인프라·주거,0.25,transit_access,대중교통 접근,15.707318,0,,monitor,medium_low
21030570,동구,수정2동,living_services_settlement,생활 인프라·주거,0.25,transit_access,대중교통 접근,15.414634,0,,monitor,medium_low
21150650,사상구,감전동,living_services_settlement,생활 인프라·주거,0.25,transit_access,대중교통 접근,10.243903,0,,monitor,medium_low
21030660,동구,범일2동,living_services_settlement,생활 인프라·주거,0.25,transit_access,대중교통 접근,9.365854,0,,monitor,medium_low
21050820,부산진구,부전1동,living_services_settlement,생활 인프라·주거,0.25,transit_access,대중교통 접근,9.268293,0,,monitor,medium_low
21010510,중구,중앙동,living_services_settlement,생활 인프라·주거,0.25,transit_access,대중교통 접근,4.97561,0,,monitor,medium_low
21010580,중구,남포동,living_services_settlement,생활 인프라·주거,0.25,transit_access,대중교통 접근,4.682926999999999,0,,monitor,medium_low
